table,primary_key_columns,record_key,category,decision,dependency_stage,source_content_fingerprint,reason
"addon_entitlements","addon_id|key","14132d78-8b01-4886-bae0-b2a175915094|max_api_keys","Demo tenant/catalog configuration","EXCLUDE","","","Only add-on explicitly describes itself as Development demonstration only; assigned only to Nexa sample."
"addons","id","14132d78-8b01-4886-bae0-b2a175915094","Demo tenant/catalog configuration","EXCLUDE","","","Only add-on explicitly describes itself as Development demonstration only; assigned only to Nexa sample."
"asset_catalog","id","bnb","Global platform configuration","INCLUDE","1","4523b0b59ef2ac4adb7183cc94c42cbb","Current reusable platform catalog; preserve every existing value and primary key."
"asset_catalog","id","btc","Global platform configuration","INCLUDE","1","02c4097f00bab35c04c89bda3b36f550","Current reusable platform catalog; preserve every existing value and primary key."
"asset_catalog","id","eth","Global platform configuration","INCLUDE","1","68b0c095e7b8098bb0a408cd44277f14","Current reusable platform catalog; preserve every existing value and primary key."
"asset_catalog","id","sol","Global platform configuration","INCLUDE","1","3bdee1e6c2454cf27b40827eb6e5137c","Current reusable platform catalog; preserve every existing value and primary key."
"asset_catalog","id","usdt","Global platform configuration","INCLUDE","1","6e0accc6498593a9a98d5b76656cf862","Current reusable platform catalog; preserve every existing value and primary key."
"asset_network_catalog","id","bnb:bsc-testnet","Global platform configuration","INCLUDE","2","98bd263ca0823ab7a41b82c563b58ef1","Current reusable platform catalog; preserve every existing value and primary key."
"asset_network_catalog","id","btc:bitcoin-testnet","Global platform configuration","INCLUDE","2","690bfb3bea5b63754230018d74687bd2","Current reusable platform catalog; preserve every existing value and primary key."
"asset_network_catalog","id","eth:ethereum-sepolia","Global platform configuration","INCLUDE","2","c7e6e3064d85a5c9b8c1c22879ca23b8","Current reusable platform catalog; preserve every existing value and primary key."
"asset_network_catalog","id","sol:solana-devnet","Global platform configuration","INCLUDE","2","8d0f9b6a129e46016bf23f2601e3669f","Current reusable platform catalog; preserve every existing value and primary key."
"asset_network_catalog","id","usdt:bsc-testnet","Global platform configuration","INCLUDE","2","fdb6761d545e87772884c98d83b7a99a","Current reusable platform catalog; preserve every existing value and primary key."
"asset_network_catalog","id","usdt:ethereum-sepolia","Global platform configuration","INCLUDE","2","77e984782a3883495b90bc3676fdc439","Current reusable platform catalog; preserve every existing value and primary key."
"asset_network_catalog","id","usdt:tron-nile","Global platform configuration","INCLUDE","2","421d613af0830c27124d68afa58dc6e5","Current reusable platform catalog; preserve every existing value and primary key."
"audit_events","id","05d8fcfb-7ada-471a-b2cb-4851e6be4c8c","Demo/test operational records","EXCLUDE","","","Simulation, verification, demonstration delivery/history or usage state; not required legitimate live configuration."
"audit_events","id","099eb571-f212-47bd-96eb-9510b88aa7e7","Demo/test operational records","EXCLUDE","","","Simulation, verification, demonstration delivery/history or usage state; not required legitimate live configuration."
"audit_events","id","09e1fd1c-ea61-4bb0-afd4-633b301ce568","Demo/test operational records","EXCLUDE","","","Simulation, verification, demonstration delivery/history or usage state; not required legitimate live configuration."
"audit_events","id","0ded4b18-e197-4cc1-91ff-05f93f55ec4d","Demo/test operational records","EXCLUDE","","","Simulation, verification, demonstration delivery/history or usage state; not required legitimate live configuration."
"audit_events","id","0e6dde4b-a1e6-42a2-b033-c3af80cb042b","Demo/test operational records","EXCLUDE","","","Simulation, verification, demonstration delivery/history or usage state; not required legitimate live configuration."
"audit_events","id","11672bfa-cd51-4a74-ad51-7062ded0fa63","Demo/test operational records","EXCLUDE","","","Simulation, verification, demonstration delivery/history or usage state; not required legitimate live configuration."
"audit_events","id","11bba002-38d1-4960-8cdc-c5132771c397","Demo/test operational records","EXCLUDE","","","Simulation, verification, demonstration delivery/history or usage state; not required legitimate live configuration."
"audit_events","id","163e825f-b799-4017-8080-ffa4d5f8d116","Demo/test operational records","EXCLUDE","","","Simulation, verification, demonstration delivery/history or usage state; not required legitimate live configuration."
"audit_events","id","1760a848-795d-4cd3-8843-92e3383dac24","Demo/test operational records","EXCLUDE","","","Simulation, verification, demonstration delivery/history or usage state; not required legitimate live configuration."
"audit_events","id","1b1329f9-57fd-43d7-a66a-a5df3ee65dc1","Demo/test operational records","EXCLUDE","","","Simulation, verification, demonstration delivery/history or usage state; not required legitimate live configuration."
"audit_events","id","1c27ffaf-0df6-4968-8254-485d33a1d9d8","Demo/test operational records","EXCLUDE","","","Simulation, verification, demonstration delivery/history or usage state; not required legitimate live configuration."
"audit_events","id","223ca491-cb56-4d03-94f0-d30abb6ab46c","Demo/test operational records","EXCLUDE","","","Simulation, verification, demonstration delivery/history or usage state; not required legitimate live configuration."
"audit_events","id","22fb5d61-7308-48dd-94b3-2f7be09cd838","Demo/test operational records","EXCLUDE","","","Simulation, verification, demonstration delivery/history or usage state; not required legitimate live configuration."
"audit_events","id","23ef8852-8ae6-4cbe-92ba-1c44f735a026","Demo/test operational records","EXCLUDE","","","Simulation, verification, demonstration delivery/history or usage state; not required legitimate live configuration."
"audit_events","id","25a1cf8d-33e3-4205-b1ab-fb0be4be965e","Demo/test operational records","EXCLUDE","","","Simulation, verification, demonstration delivery/history or usage state; not required legitimate live configuration."
"audit_events","id","27cd0e14-29ce-435c-bdfa-0db269be7577","Demo/test operational records","EXCLUDE","","","Simulation, verification, demonstration delivery/history or usage state; not required legitimate live configuration."
"audit_events","id","299765bc-3d01-43d1-bafd-0cf8a72c6b1c","Demo/test operational records","EXCLUDE","","","Simulation, verification, demonstration delivery/history or usage state; not required legitimate live configuration."
"audit_events","id","2bee3c26-0610-4a10-a9fe-350e6b7ca2f9","Demo/test operational records","EXCLUDE","","","Simulation, verification, demonstration delivery/history or usage state; not required legitimate live configuration."
"audit_events","id","2dcf068a-f063-46a7-83dd-623aa9fab356","Demo/test operational records","EXCLUDE","","","Simulation, verification, demonstration delivery/history or usage state; not required legitimate live configuration."
"audit_events","id","2e358024-33ea-40ec-81ad-84a92337e2c3","Demo/test operational records","EXCLUDE","","","Simulation, verification, demonstration delivery/history or usage state; not required legitimate live configuration."
"audit_events","id","2f793f72-f33c-40cc-a080-e9c4e81ada75","Demo/test operational records","EXCLUDE","","","Simulation, verification, demonstration delivery/history or usage state; not required legitimate live configuration."
"audit_events","id","30366d30-e27f-451f-bf3e-36536cc9cee9","Demo/test operational records","EXCLUDE","","","Simulation, verification, demonstration delivery/history or usage state; not required legitimate live configuration."
"audit_events","id","30e414df-1069-4042-8b81-281f5635e8e4","Demo/test operational records","EXCLUDE","","","Simulation, verification, demonstration delivery/history or usage state; not required legitimate live configuration."
"audit_events","id","34e840cd-1124-4c84-9128-8b86fbeb56c9","Demo/test operational records","EXCLUDE","","","Simulation, verification, demonstration delivery/history or usage state; not required legitimate live configuration."
"audit_events","id","35793146-7fc4-4faf-95e2-69b42ce4e18e","Demo/test operational records","EXCLUDE","","","Simulation, verification, demonstration delivery/history or usage state; not required legitimate live configuration."
"audit_events","id","35ea68e6-1f0f-4034-a6b5-a71bbe680e80","Demo/test operational records","EXCLUDE","","","Simulation, verification, demonstration delivery/history or usage state; not required legitimate live configuration."
"audit_events","id","36666180-2a1f-49fe-9a61-00305f01136a","Demo/test operational records","EXCLUDE","","","Simulation, verification, demonstration delivery/history or usage state; not required legitimate live configuration."
"audit_events","id","36a609ae-819e-4792-97e2-17b02d5e8d7d","Demo/test operational records","EXCLUDE","","","Simulation, verification, demonstration delivery/history or usage state; not required legitimate live configuration."
"audit_events","id","38e5b8ea-0b86-4f44-9827-f37a9b824b54","Demo/test operational records","EXCLUDE","","","Simulation, verification, demonstration delivery/history or usage state; not required legitimate live configuration."
"audit_events","id","396ff2ff-36d0-43c0-9502-9ec34baa32d6","Demo/test operational records","EXCLUDE","","","Simulation, verification, demonstration delivery/history or usage state; not required legitimate live configuration."
"audit_events","id","3a4f7e13-261f-4b67-a182-01e6cd94e4e2","Demo/test operational records","EXCLUDE","","","Simulation, verification, demonstration delivery/history or usage state; not required legitimate live configuration."
"audit_events","id","3d04f558-d6da-44e9-917c-3b1dd1d6f85b","Demo/test operational records","EXCLUDE","","","Simulation, verification, demonstration delivery/history or usage state; not required legitimate live configuration."
"audit_events","id","4379e29e-82a1-4502-9f3c-625d97657587","Demo/test operational records","EXCLUDE","","","Simulation, verification, demonstration delivery/history or usage state; not required legitimate live configuration."
"audit_events","id","45f41daa-c897-43be-9b5b-388189de446b","Demo/test operational records","EXCLUDE","","","Simulation, verification, demonstration delivery/history or usage state; not required legitimate live configuration."
"audit_events","id","49d4b800-9e62-46ce-aaca-d5bdd3415d78","Demo/test operational records","EXCLUDE","","","Simulation, verification, demonstration delivery/history or usage state; not required legitimate live configuration."
"audit_events","id","4fe524eb-cbc4-4b19-833d-ffe155d56f09","Demo/test operational records","EXCLUDE","","","Simulation, verification, demonstration delivery/history or usage state; not required legitimate live configuration."
"audit_events","id","51054a32-4ce4-42a5-b510-df8b60b5b2b2","Demo/test operational records","EXCLUDE","","","Simulation, verification, demonstration delivery/history or usage state; not required legitimate live configuration."
"audit_events","id","524e918d-6816-4e61-80e3-5b239a20834b","Demo/test operational records","EXCLUDE","","","Simulation, verification, demonstration delivery/history or usage state; not required legitimate live configuration."
"audit_events","id","53e7a623-b731-4f89-b8e9-b0046a594e41","Demo/test operational records","EXCLUDE","","","Simulation, verification, demonstration delivery/history or usage state; not required legitimate live configuration."
"audit_events","id","546ed359-d751-4a58-823f-0baacd362aaf","Demo/test operational records","EXCLUDE","","","Simulation, verification, demonstration delivery/history or usage state; not required legitimate live configuration."
"audit_events","id","549b02ba-9be7-466a-8992-12fea67ee034","Demo/test operational records","EXCLUDE","","","Simulation, verification, demonstration delivery/history or usage state; not required legitimate live configuration."
"audit_events","id","54c82d26-ba77-4eb2-bf63-07e718191e31","Demo/test operational records","EXCLUDE","","","Simulation, verification, demonstration delivery/history or usage state; not required legitimate live configuration."
"audit_events","id","55ab84d8-41f6-452b-be86-614034cdccbd","Demo/test operational records","EXCLUDE","","","Simulation, verification, demonstration delivery/history or usage state; not required legitimate live configuration."
"audit_events","id","5614640d-37c2-43a9-adfc-0e439a06ad59","Demo/test operational records","EXCLUDE","","","Simulation, verification, demonstration delivery/history or usage state; not required legitimate live configuration."
"audit_events","id","57dd08fa-3f0a-4010-a8a5-ca4eea15661f","Demo/test operational records","EXCLUDE","","","Simulation, verification, demonstration delivery/history or usage state; not required legitimate live configuration."
"audit_events","id","59448d60-42d8-4d68-ab26-aa46dfce739e","Demo/test operational records","EXCLUDE","","","Simulation, verification, demonstration delivery/history or usage state; not required legitimate live configuration."
"audit_events","id","5abbf531-82f2-4d55-9976-a44646a9b032","Demo/test operational records","EXCLUDE","","","Simulation, verification, demonstration delivery/history or usage state; not required legitimate live configuration."
"audit_events","id","5fb4b748-1d37-4cb6-8c45-3cf9364ca206","Demo/test operational records","EXCLUDE","","","Simulation, verification, demonstration delivery/history or usage state; not required legitimate live configuration."
"audit_events","id","6160c327-52a1-4195-b957-0d2b2a8c1636","Demo/test operational records","EXCLUDE","","","Simulation, verification, demonstration delivery/history or usage state; not required legitimate live configuration."
"audit_events","id","61aa369a-326a-47bf-a65c-685467f06eb2","Demo/test operational records","EXCLUDE","","","Simulation, verification, demonstration delivery/history or usage state; not required legitimate live configuration."
"audit_events","id","634ced11-3d4e-4cdc-91c7-a6a644120900","Demo/test operational records","EXCLUDE","","","Simulation, verification, demonstration delivery/history or usage state; not required legitimate live configuration."
"audit_events","id","66302381-d623-43fb-b801-4e4bc749fa34","Demo/test operational records","EXCLUDE","","","Simulation, verification, demonstration delivery/history or usage state; not required legitimate live configuration."
"audit_events","id","6945759c-f0ba-47e6-abb7-ef93c48cd4bb","Demo/test operational records","EXCLUDE","","","Simulation, verification, demonstration delivery/history or usage state; not required legitimate live configuration."
"audit_events","id","6a2eeb55-5188-49ab-8fd1-536596d6cc7a","Demo/test operational records","EXCLUDE","","","Simulation, verification, demonstration delivery/history or usage state; not required legitimate live configuration."
"audit_events","id","6d9e3bc3-42f8-4b93-9857-bdd9e2531949","Demo/test operational records","EXCLUDE","","","Simulation, verification, demonstration delivery/history or usage state; not required legitimate live configuration."
"audit_events","id","6d9ed3c1-a765-40c5-8dd7-0f10fa0d7555","Demo/test operational records","EXCLUDE","","","Simulation, verification, demonstration delivery/history or usage state; not required legitimate live configuration."
"audit_events","id","6e1e2425-a22c-47f8-a52b-30bc365db05a","Demo/test operational records","EXCLUDE","","","Simulation, verification, demonstration delivery/history or usage state; not required legitimate live configuration."
"audit_events","id","71c9ca0b-16f5-41d3-a83c-c250615db01a","Demo/test operational records","EXCLUDE","","","Simulation, verification, demonstration delivery/history or usage state; not required legitimate live configuration."
"audit_events","id","730019ca-20bb-4016-8f5d-23f5e791eed2","Demo/test operational records","EXCLUDE","","","Simulation, verification, demonstration delivery/history or usage state; not required legitimate live configuration."
"audit_events","id","7327a07a-d304-42ca-a059-dc2bfd081f1a","Demo/test operational records","EXCLUDE","","","Simulation, verification, demonstration delivery/history or usage state; not required legitimate live configuration."
"audit_events","id","73d5cd7e-9072-44ef-8a31-afc6ba345768","Demo/test operational records","EXCLUDE","","","Simulation, verification, demonstration delivery/history or usage state; not required legitimate live configuration."
"audit_events","id","76c76303-f3c1-4880-a42b-698b5fb384e4","Demo/test operational records","EXCLUDE","","","Simulation, verification, demonstration delivery/history or usage state; not required legitimate live configuration."
"audit_events","id","78cf769c-7363-451b-9dc3-6935fc10ad44","Demo/test operational records","EXCLUDE","","","Simulation, verification, demonstration delivery/history or usage state; not required legitimate live configuration."
"audit_events","id","7a6caba9-b562-448a-9da1-7547709d7689","Demo/test operational records","EXCLUDE","","","Simulation, verification, demonstration delivery/history or usage state; not required legitimate live configuration."
"audit_events","id","7add4d99-50fd-4183-8c8f-07cfea04324f","Demo/test operational records","EXCLUDE","","","Simulation, verification, demonstration delivery/history or usage state; not required legitimate live configuration."
"audit_events","id","7b2b14d9-ec27-4946-995b-8be251d88a27","Demo/test operational records","EXCLUDE","","","Simulation, verification, demonstration delivery/history or usage state; not required legitimate live configuration."
"audit_events","id","7dfc43cd-09f2-41da-a617-895110ca1055","Demo/test operational records","EXCLUDE","","","Simulation, verification, demonstration delivery/history or usage state; not required legitimate live configuration."
"audit_events","id","7ea26ffa-92cf-493c-9f2d-d21c007d5dd7","Demo/test operational records","EXCLUDE","","","Simulation, verification, demonstration delivery/history or usage state; not required legitimate live configuration."
"audit_events","id","85407de4-81cd-41d0-bb4d-54fe27c5c61c","Demo/test operational records","EXCLUDE","","","Simulation, verification, demonstration delivery/history or usage state; not required legitimate live configuration."
"audit_events","id","87290867-6625-468e-bcb3-b2fc0b868072","Demo/test operational records","EXCLUDE","","","Simulation, verification, demonstration delivery/history or usage state; not required legitimate live configuration."
"audit_events","id","881f4de5-4990-4702-81bd-c257399f0acc","Demo/test operational records","EXCLUDE","","","Simulation, verification, demonstration delivery/history or usage state; not required legitimate live configuration."
"audit_events","id","88f5cd0e-2afa-4222-9bb4-265767eb7882","Demo/test operational records","EXCLUDE","","","Simulation, verification, demonstration delivery/history or usage state; not required legitimate live configuration."
"audit_events","id","8edfafed-2458-43a0-a39b-7ea5ae990eae","Demo/test operational records","EXCLUDE","","","Simulation, verification, demonstration delivery/history or usage state; not required legitimate live configuration."
"audit_events","id","8eeec306-cba8-46c7-bd24-2c5606a4a05c","Demo/test operational records","EXCLUDE","","","Simulation, verification, demonstration delivery/history or usage state; not required legitimate live configuration."
"audit_events","id","911a58e2-9907-45b0-8088-0f651a4116b4","Demo/test operational records","EXCLUDE","","","Simulation, verification, demonstration delivery/history or usage state; not required legitimate live configuration."
"audit_events","id","9138c5a7-c29d-4c80-a523-c5ac176a385c","Demo/test operational records","EXCLUDE","","","Simulation, verification, demonstration delivery/history or usage state; not required legitimate live configuration."
"audit_events","id","92d8fe79-9175-4437-8ad2-e77c99ac8418","Demo/test operational records","EXCLUDE","","","Simulation, verification, demonstration delivery/history or usage state; not required legitimate live configuration."
"audit_events","id","936579b0-3692-4928-a3ed-35f00714dc35","Demo/test operational records","EXCLUDE","","","Simulation, verification, demonstration delivery/history or usage state; not required legitimate live configuration."
"audit_events","id","94de733f-4731-480f-9079-3921f089b047","Demo/test operational records","EXCLUDE","","","Simulation, verification, demonstration delivery/history or usage state; not required legitimate live configuration."
"audit_events","id","98ef643b-aabf-4df3-b648-ab7f5303117a","Demo/test operational records","EXCLUDE","","","Simulation, verification, demonstration delivery/history or usage state; not required legitimate live configuration."
"audit_events","id","9ab38856-fe9a-472e-a7d5-79eb3bc7b98e","Demo/test operational records","EXCLUDE","","","Simulation, verification, demonstration delivery/history or usage state; not required legitimate live configuration."
"audit_events","id","9f5b75f4-f401-43fc-bcdc-67aee17bd0ee","Demo/test operational records","EXCLUDE","","","Simulation, verification, demonstration delivery/history or usage state; not required legitimate live configuration."
"audit_events","id","9f707c15-a6c9-4e6b-927f-6d91b8a46c10","Demo/test operational records","EXCLUDE","","","Simulation, verification, demonstration delivery/history or usage state; not required legitimate live configuration."
"audit_events","id","a0d9e41f-b4f7-4f63-ad0d-69f76ad9d268","Demo/test operational records","EXCLUDE","","","Simulation, verification, demonstration delivery/history or usage state; not required legitimate live configuration."
"audit_events","id","a59d7ccc-5ae1-4807-80b8-8ddce49585fe","Demo/test operational records","EXCLUDE","","","Simulation, verification, demonstration delivery/history or usage state; not required legitimate live configuration."
"audit_events","id","a85a97eb-29a2-4016-afb2-e2c4876aafa5","Demo/test operational records","EXCLUDE","","","Simulation, verification, demonstration delivery/history or usage state; not required legitimate live configuration."
"audit_events","id","aaa7a042-3ac5-438c-b4f6-766875ca650d","Demo/test operational records","EXCLUDE","","","Simulation, verification, demonstration delivery/history or usage state; not required legitimate live configuration."
"audit_events","id","b076e8ad-219c-4566-a0c4-065c89189c4f","Demo/test operational records","EXCLUDE","","","Simulation, verification, demonstration delivery/history or usage state; not required legitimate live configuration."
"audit_events","id","b5e41673-6acf-43eb-9e5d-2c8502bb00ed","Demo/test operational records","EXCLUDE","","","Simulation, verification, demonstration delivery/history or usage state; not required legitimate live configuration."
"audit_events","id","b8e148ff-beea-4a00-965d-cfc3341d6076","Demo/test operational records","EXCLUDE","","","Simulation, verification, demonstration delivery/history or usage state; not required legitimate live configuration."
"audit_events","id","bd460e66-b63c-4f10-bdd8-1e30a08f17db","Demo/test operational records","EXCLUDE","","","Simulation, verification, demonstration delivery/history or usage state; not required legitimate live configuration."
"audit_events","id","c5276133-3554-4815-84da-2191e97c7acd","Demo/test operational records","EXCLUDE","","","Simulation, verification, demonstration delivery/history or usage state; not required legitimate live configuration."
"audit_events","id","c6d7be0f-04b0-48a0-b94f-2aedf0e2d9b1","Demo/test operational records","EXCLUDE","","","Simulation, verification, demonstration delivery/history or usage state; not required legitimate live configuration."
"audit_events","id","c84e3e9f-7bbd-4d9d-aeae-e28899711105","Demo/test operational records","EXCLUDE","","","Simulation, verification, demonstration delivery/history or usage state; not required legitimate live configuration."
"audit_events","id","c93df951-d4fa-4500-a710-ae787737aea5","Demo/test operational records","EXCLUDE","","","Simulation, verification, demonstration delivery/history or usage state; not required legitimate live configuration."
"audit_events","id","c94ff81d-2ffc-4eef-a432-318f2e3bbc2a","Demo/test operational records","EXCLUDE","","","Simulation, verification, demonstration delivery/history or usage state; not required legitimate live configuration."
"audit_events","id","cb97cf80-9d46-4ecc-939b-45941213bb9d","Demo/test operational records","EXCLUDE","","","Simulation, verification, demonstration delivery/history or usage state; not required legitimate live configuration."
"audit_events","id","cc4e86e5-3f85-401a-a91d-a4c819c07669","Demo/test operational records","EXCLUDE","","","Simulation, verification, demonstration delivery/history or usage state; not required legitimate live configuration."
"audit_events","id","cd720282-b915-4f6c-834c-23db825c4a82","Demo/test operational records","EXCLUDE","","","Simulation, verification, demonstration delivery/history or usage state; not required legitimate live configuration."
"audit_events","id","d1039aa1-7814-42f2-8bc8-683a7cf4d2e5","Demo/test operational records","EXCLUDE","","","Simulation, verification, demonstration delivery/history or usage state; not required legitimate live configuration."
"audit_events","id","d31e6a7d-66bb-4785-be67-c46b90c21460","Demo/test operational records","EXCLUDE","","","Simulation, verification, demonstration delivery/history or usage state; not required legitimate live configuration."
"audit_events","id","d4ec93c6-c8f3-4d3a-8e01-892573d28e2b","Demo/test operational records","EXCLUDE","","","Simulation, verification, demonstration delivery/history or usage state; not required legitimate live configuration."
"audit_events","id","d60c563f-94d9-4377-854d-c854aa187650","Demo/test operational records","EXCLUDE","","","Simulation, verification, demonstration delivery/history or usage state; not required legitimate live configuration."
"audit_events","id","da46a481-2949-48f2-a9a3-dfe05b315024","Demo/test operational records","EXCLUDE","","","Simulation, verification, demonstration delivery/history or usage state; not required legitimate live configuration."
"audit_events","id","dcb21c30-762c-4b3a-a9c7-aaee8e610d95","Demo/test operational records","EXCLUDE","","","Simulation, verification, demonstration delivery/history or usage state; not required legitimate live configuration."
"audit_events","id","dea2ecff-3fe3-4629-897c-d68442398609","Demo/test operational records","EXCLUDE","","","Simulation, verification, demonstration delivery/history or usage state; not required legitimate live configuration."
"audit_events","id","e29f3267-b95e-4459-a2ce-3155bba58a50","Demo/test operational records","EXCLUDE","","","Simulation, verification, demonstration delivery/history or usage state; not required legitimate live configuration."
"audit_events","id","e655b0d1-3151-4c3d-834b-f2f5fc9a5b78","Demo/test operational records","EXCLUDE","","","Simulation, verification, demonstration delivery/history or usage state; not required legitimate live configuration."
"audit_events","id","e7235b0e-dd3b-464a-99da-b8457d8fb8ab","Demo/test operational records","EXCLUDE","","","Simulation, verification, demonstration delivery/history or usage state; not required legitimate live configuration."
"audit_events","id","ea4c61ab-1944-441b-8e2c-1103dd7697be","Demo/test operational records","EXCLUDE","","","Simulation, verification, demonstration delivery/history or usage state; not required legitimate live configuration."
"audit_events","id","eddbd6d4-2df5-4a24-a7a9-c6fd8ca14bbc","Demo/test operational records","EXCLUDE","","","Simulation, verification, demonstration delivery/history or usage state; not required legitimate live configuration."
"audit_events","id","ee455769-49dd-4b07-ac31-efb1dafd352d","Demo/test operational records","EXCLUDE","","","Simulation, verification, demonstration delivery/history or usage state; not required legitimate live configuration."
"audit_events","id","efb1ea7f-7262-4d5e-8646-b31a4887ac39","Demo/test operational records","EXCLUDE","","","Simulation, verification, demonstration delivery/history or usage state; not required legitimate live configuration."
"audit_events","id","f303aba9-ca63-4abe-9c83-3899eab25d13","Demo/test operational records","EXCLUDE","","","Simulation, verification, demonstration delivery/history or usage state; not required legitimate live configuration."
"audit_events","id","f41e1df0-71be-4476-809f-08d30bde7f48","Demo/test operational records","EXCLUDE","","","Simulation, verification, demonstration delivery/history or usage state; not required legitimate live configuration."
"audit_events","id","f5191c60-456f-4215-b8bd-c71114519345","Demo/test operational records","EXCLUDE","","","Simulation, verification, demonstration delivery/history or usage state; not required legitimate live configuration."
"audit_events","id","fc4e11d0-dbc3-4374-8777-5bfafe583ca0","Demo/test operational records","EXCLUDE","","","Simulation, verification, demonstration delivery/history or usage state; not required legitimate live configuration."
"audit_events","id","fd3731a5-7dec-462b-b13a-675b002bdff3","Demo/test operational records","EXCLUDE","","","Simulation, verification, demonstration delivery/history or usage state; not required legitimate live configuration."
"audit_events","id","fdd878ef-9cc9-4a01-a644-1a7ebec34ea8","Demo/test operational records","EXCLUDE","","","Simulation, verification, demonstration delivery/history or usage state; not required legitimate live configuration."
"audit_events","id","ff2697d2-b445-4f72-8f31-36bedfb9ca05","Demo/test operational records","EXCLUDE","","","Simulation, verification, demonstration delivery/history or usage state; not required legitimate live configuration."
"entitlement_definitions","key","android_app","Global platform configuration","INCLUDE","1","cab357f166a7590f0500b7bc23e46ce1","Current reusable platform catalog; preserve every existing value and primary key."
"entitlement_definitions","key","api_keys","Global platform configuration","INCLUDE","1","439946a98153dcb5d0966d92f8f160e0","Current reusable platform catalog; preserve every existing value and primary key."
"entitlement_definitions","key","articles","Global platform configuration","INCLUDE","1","a37b869bbb80aa3736c42fb5cc56659c","Current reusable platform catalog; preserve every existing value and primary key."
"entitlement_definitions","key","buy","Global platform configuration","INCLUDE","1","62e662e91113847495802c2174a05cf8","Current reusable platform catalog; preserve every existing value and primary key."
"entitlement_definitions","key","cloud_mining","Global platform configuration","INCLUDE","1","f368d34e48de9616f1f7db85ab4a6f46","Current reusable platform catalog; preserve every existing value and primary key."
"entitlement_definitions","key","convert","Global platform configuration","INCLUDE","1","38169268d9d4074a5181320104874d7c","Current reusable platform catalog; preserve every existing value and primary key."
"entitlement_definitions","key","crypto_card","Global platform configuration","INCLUDE","1","561d257609a64bb5598465d8d1561304","Current reusable platform catalog; preserve every existing value and primary key."
"entitlement_definitions","key","crypto_engine","Global platform configuration","INCLUDE","1","6a40468a30c2f83ede61650a95171b70","Current reusable platform catalog; preserve every existing value and primary key."
"entitlement_definitions","key","crypto_exchange","Global platform configuration","INCLUDE","1","bea24841edd3dfa9eead01c74c20bc3e","Current reusable platform catalog; preserve every existing value and primary key."
"entitlement_definitions","key","crypto_payments","Global platform configuration","INCLUDE","1","eace3e3a175bd73e75ebb5627918bf4a","Current reusable platform catalog; preserve every existing value and primary key."
"entitlement_definitions","key","dex","Global platform configuration","INCLUDE","1","9738a2718e73d6241c65a5fc0b115f59","Current reusable platform catalog; preserve every existing value and primary key."
"entitlement_definitions","key","earn","Global platform configuration","INCLUDE","1","ea26379b3fa0d0f6318c8242208a7f07","Current reusable platform catalog; preserve every existing value and primary key."
"entitlement_definitions","key","ios_app","Global platform configuration","INCLUDE","1","1cc5cdb2ea5182f3755b0f29f46a671d","Current reusable platform catalog; preserve every existing value and primary key."
"entitlement_definitions","key","kolo","Global platform configuration","INCLUDE","1","eb9b9e27a6c153e19cfada2556b518de","Current reusable platform catalog; preserve every existing value and primary key."
"entitlement_definitions","key","max_api_keys","Global platform configuration","INCLUDE","1","8dd2bb91fe81777762464e8e958d7d91","Current reusable platform catalog; preserve every existing value and primary key."
"entitlement_definitions","key","max_monthly_transactions","Global platform configuration","INCLUDE","1","47430129141d9b4bfddc7447590098e7","Current reusable platform catalog; preserve every existing value and primary key."
"entitlement_definitions","key","max_monthly_volume","Global platform configuration","INCLUDE","1","61d22948fca6aea6ec6ec2cc7edf0d1b","Current reusable platform catalog; preserve every existing value and primary key."
"entitlement_definitions","key","max_payment_methods","Global platform configuration","INCLUDE","1","b3a0ff62a53a7e3a431a881b9d5eb979","Current reusable platform catalog; preserve every existing value and primary key."
"entitlement_definitions","key","max_staff","Global platform configuration","INCLUDE","1","bf4ec671877841783aae87b811a34c7a","Current reusable platform catalog; preserve every existing value and primary key."
"entitlement_definitions","key","max_supported_assets","Global platform configuration","INCLUDE","1","999b90a30e816234d5224b968850a3fe","Current reusable platform catalog; preserve every existing value and primary key."
"entitlement_definitions","key","max_supported_networks","Global platform configuration","INCLUDE","1","bc732d6c58fe47ea7afe02830b6a9474","Current reusable platform catalog; preserve every existing value and primary key."
"entitlement_definitions","key","max_webhooks","Global platform configuration","INCLUDE","1","1359d86c78950c0b5a86be9e8a6f1b42","Current reusable platform catalog; preserve every existing value and primary key."
"entitlement_definitions","key","merchant_api","Global platform configuration","INCLUDE","1","e8e940d080602ceb2ef772f02e9a78a5","Current reusable platform catalog; preserve every existing value and primary key."
"entitlement_definitions","key","rpc_nodes","Global platform configuration","INCLUDE","1","f5f33716b0f6728bd80b5e2cf652eacd","Current reusable platform catalog; preserve every existing value and primary key."
"entitlement_definitions","key","sell","Global platform configuration","INCLUDE","1","5608386d366e2d515bed41b02b3bbe49","Current reusable platform catalog; preserve every existing value and primary key."
"entitlement_definitions","key","staking","Global platform configuration","INCLUDE","1","6428cba0f434fd7831c80fddda3498df","Current reusable platform catalog; preserve every existing value and primary key."
"entitlement_definitions","key","swap","Global platform configuration","INCLUDE","1","91b4970f40d8bcff52be9a44ed34644b","Current reusable platform catalog; preserve every existing value and primary key."
"entitlement_definitions","key","telegram_bot","Global platform configuration","INCLUDE","1","cf76289c8ee394989db36911bc4eb16a","Current reusable platform catalog; preserve every existing value and primary key."
"entitlement_definitions","key","telegram_mini_app","Global platform configuration","INCLUDE","1","d0250cadb275813c7c46c0eec870d9d4","Current reusable platform catalog; preserve every existing value and primary key."
"entitlement_definitions","key","webhooks","Global platform configuration","INCLUDE","1","5c159c0dd3841cda2d3fd45dcf6d19c4","Current reusable platform catalog; preserve every existing value and primary key."
"entitlement_definitions","key","website","Global platform configuration","INCLUDE","1","4fe6f356fe0b84d8ba9bbb45e6a9877a","Current reusable platform catalog; preserve every existing value and primary key."
"entitlement_definitions","key","whatsapp_bot","Global platform configuration","INCLUDE","1","8bd72ac974c2ff3a77c053c676675920","Current reusable platform catalog; preserve every existing value and primary key."
"exchange_orders","id","0a46a6d5-6d5e-4063-89a2-adb26fc6df41","Demo/test operational records","EXCLUDE","","","Simulation, verification, demonstration delivery/history or usage state; not required legitimate live configuration."
"exchange_orders","id","0dbee676-3ac4-487e-a70a-72f44edd96ef","Demo/test operational records","EXCLUDE","","","Simulation, verification, demonstration delivery/history or usage state; not required legitimate live configuration."
"exchange_orders","id","293984b6-afcd-4a01-92c5-d6f1d634fde1","Demo/test operational records","EXCLUDE","","","Simulation, verification, demonstration delivery/history or usage state; not required legitimate live configuration."
"exchange_orders","id","34341f9b-ad57-48ff-8bbb-29327b79da99","Demo/test operational records","EXCLUDE","","","Simulation, verification, demonstration delivery/history or usage state; not required legitimate live configuration."
"exchange_orders","id","353b1990-38f7-49ea-b721-35ad985200ff","Demo/test operational records","EXCLUDE","","","Simulation, verification, demonstration delivery/history or usage state; not required legitimate live configuration."
"exchange_orders","id","38160931-a859-4b64-a654-d52d2656fa1f","Demo/test operational records","EXCLUDE","","","Simulation, verification, demonstration delivery/history or usage state; not required legitimate live configuration."
"exchange_orders","id","409ba6a2-e448-4617-95e3-6962ed12ce2a","Demo/test operational records","EXCLUDE","","","Simulation, verification, demonstration delivery/history or usage state; not required legitimate live configuration."
"exchange_orders","id","41440a63-4f1c-4556-bd55-49243b265e76","Demo/test operational records","EXCLUDE","","","Simulation, verification, demonstration delivery/history or usage state; not required legitimate live configuration."
"exchange_orders","id","695f369c-0cb4-419c-afbf-8e6bc14ae31c","Demo/test operational records","EXCLUDE","","","Simulation, verification, demonstration delivery/history or usage state; not required legitimate live configuration."
"exchange_orders","id","7e841814-7acb-4e8e-8417-edd1c13d9f13","Demo/test operational records","EXCLUDE","","","Simulation, verification, demonstration delivery/history or usage state; not required legitimate live configuration."
"exchange_orders","id","a780aea5-e08f-491e-b289-d54deff7cc28","Demo/test operational records","EXCLUDE","","","Simulation, verification, demonstration delivery/history or usage state; not required legitimate live configuration."
"exchange_orders","id","aa00b575-303a-4137-b0b8-67be5a5f9cc2","Demo/test operational records","EXCLUDE","","","Simulation, verification, demonstration delivery/history or usage state; not required legitimate live configuration."
"exchange_orders","id","aa37d0bb-00ea-4ac7-b4c0-8d90324c197c","Demo/test operational records","EXCLUDE","","","Simulation, verification, demonstration delivery/history or usage state; not required legitimate live configuration."
"exchange_orders","id","afed1699-6a94-4fc3-a006-55164393d7e3","Demo/test operational records","EXCLUDE","","","Simulation, verification, demonstration delivery/history or usage state; not required legitimate live configuration."
"exchange_orders","id","b9a2a0af-b4b6-4aeb-95d2-837707994c74","Demo/test operational records","EXCLUDE","","","Simulation, verification, demonstration delivery/history or usage state; not required legitimate live configuration."
"exchange_orders","id","c0568532-e5ee-4378-8b38-ce9ca16d194b","Demo/test operational records","EXCLUDE","","","Simulation, verification, demonstration delivery/history or usage state; not required legitimate live configuration."
"exchange_orders","id","cc5e40f2-220a-46df-b8e2-6c5544b43a04","Demo/test operational records","EXCLUDE","","","Simulation, verification, demonstration delivery/history or usage state; not required legitimate live configuration."
"exchange_orders","id","d0f2f2ea-8e3a-4613-8fc4-7235f226605e","Demo/test operational records","EXCLUDE","","","Simulation, verification, demonstration delivery/history or usage state; not required legitimate live configuration."
"exchange_orders","id","e485ee0a-fa02-4364-aad4-97f66fa8c884","Demo/test operational records","EXCLUDE","","","Simulation, verification, demonstration delivery/history or usage state; not required legitimate live configuration."
"exchange_orders","id","ea73ec8c-e60c-41b0-a265-8ed3081ace5f","Demo/test operational records","EXCLUDE","","","Simulation, verification, demonstration delivery/history or usage state; not required legitimate live configuration."
"exchange_orders","id","ecba5434-9c0d-4ace-b0f2-8747ae7cddc2","Demo/test operational records","EXCLUDE","","","Simulation, verification, demonstration delivery/history or usage state; not required legitimate live configuration."
"exchange_orders","id","ee44a66d-741a-47c2-9d93-0ede12fe818f","Demo/test operational records","EXCLUDE","","","Simulation, verification, demonstration delivery/history or usage state; not required legitimate live configuration."
"exchange_orders","id","f13c99ca-7e27-4cf9-a4eb-71e809c441d7","Demo/test operational records","EXCLUDE","","","Simulation, verification, demonstration delivery/history or usage state; not required legitimate live configuration."
"landing_products","key","android_app","Global platform configuration","INCLUDE","2","9422896df30190f550cd29c2acd4b995","Current reusable platform catalog; preserve every existing value and primary key."
"landing_products","key","articles","Global platform configuration","INCLUDE","2","94f34c3fb1004ece033f173e8eaa58ae","Current reusable platform catalog; preserve every existing value and primary key."
"landing_products","key","cloud_mining","Global platform configuration","INCLUDE","2","79fe7a4e6e4c21906c353dd948c65eb9","Current reusable platform catalog; preserve every existing value and primary key."
"landing_products","key","crypto_card","Global platform configuration","INCLUDE","2","aafe3e9050c636df8405916453a32c3f","Current reusable platform catalog; preserve every existing value and primary key."
"landing_products","key","crypto_engine","Global platform configuration","INCLUDE","2","e23efef4bc2379717eac3cb5185e5239","Current reusable platform catalog; preserve every existing value and primary key."
"landing_products","key","crypto_exchange","Global platform configuration","INCLUDE","2","d9f13a5859cb1f55da95d2d17af8be6f","Current reusable platform catalog; preserve every existing value and primary key."
"landing_products","key","crypto_payments","Global platform configuration","INCLUDE","2","82bafd046bef9bc3e927578a9a0d0f56","Current reusable platform catalog; preserve every existing value and primary key."
"landing_products","key","dex","Global platform configuration","INCLUDE","2","4fca1f2d200ea8d998a19ffdbdd7934e","Current reusable platform catalog; preserve every existing value and primary key."
"landing_products","key","earn","Global platform configuration","INCLUDE","2","a08aa34a240514b1d562f5ac4a3f98ba","Current reusable platform catalog; preserve every existing value and primary key."
"landing_products","key","ios_app","Global platform configuration","INCLUDE","2","961f2f88c1f19d3cb72fad1262111104","Current reusable platform catalog; preserve every existing value and primary key."
"landing_products","key","kolo","Global platform configuration","INCLUDE","2","df5c407bd08ee61922db478c25421959","Current reusable platform catalog; preserve every existing value and primary key."
"landing_products","key","rpc_nodes","Global platform configuration","INCLUDE","2","19bfaf0223be56bde81c118bbb3c8722","Current reusable platform catalog; preserve every existing value and primary key."
"landing_products","key","staking","Global platform configuration","INCLUDE","2","7d21e56cc790e5a56483c937e5841f8d","Current reusable platform catalog; preserve every existing value and primary key."
"landing_products","key","telegram_bot","Global platform configuration","INCLUDE","2","5548478b74f293d878dcd0a3147d5895","Current reusable platform catalog; preserve every existing value and primary key."
"landing_products","key","telegram_mini_app","Global platform configuration","INCLUDE","2","6565c4fa1e654825f46e0fee31df9dc8","Current reusable platform catalog; preserve every existing value and primary key."
"landing_products","key","whatsapp_bot","Global platform configuration","INCLUDE","2","9902d15763da385bce3f8730980f8fd8","Current reusable platform catalog; preserve every existing value and primary key."
"module_catalog","key","android_app","Global platform configuration","INCLUDE","1","7dad03c37e9718a34c64d7976cf9307b","Current reusable platform catalog; preserve every existing value and primary key."
"module_catalog","key","articles","Global platform configuration","INCLUDE","1","9e7e015c288269595c46edb0a6bce580","Current reusable platform catalog; preserve every existing value and primary key."
"module_catalog","key","cloud_mining","Global platform configuration","INCLUDE","1","4e8de7eb7e459f74d5c626e7df1ced61","Current reusable platform catalog; preserve every existing value and primary key."
"module_catalog","key","crypto_card","Global platform configuration","INCLUDE","1","349017b62ae436cd6ee56653491f5400","Current reusable platform catalog; preserve every existing value and primary key."
"module_catalog","key","crypto_engine","Global platform configuration","INCLUDE","1","cd0549b6ccef6cbe8adbae81c58867e7","Current reusable platform catalog; preserve every existing value and primary key."
"module_catalog","key","crypto_exchange","Global platform configuration","INCLUDE","1","93b423fa31d9abd8f2bf7994de0ed2d8","Current reusable platform catalog; preserve every existing value and primary key."
"module_catalog","key","crypto_payments","Global platform configuration","INCLUDE","1","e75daea11ca89877a161f2607a501b92","Current reusable platform catalog; preserve every existing value and primary key."
"module_catalog","key","dex","Global platform configuration","INCLUDE","1","ace0771dd51a1354a242a05668b5a97b","Current reusable platform catalog; preserve every existing value and primary key."
"module_catalog","key","earn","Global platform configuration","INCLUDE","1","8637b0808c5f109444e182c584249766","Current reusable platform catalog; preserve every existing value and primary key."
"module_catalog","key","ios_app","Global platform configuration","INCLUDE","1","914d280232f8d8692b5fb23456b39fb7","Current reusable platform catalog; preserve every existing value and primary key."
"module_catalog","key","kolo","Global platform configuration","INCLUDE","1","217549be6f89a169b78ea2632a9c0ae5","Current reusable platform catalog; preserve every existing value and primary key."
"module_catalog","key","merchant_api","Global platform configuration","INCLUDE","1","f55333f9eb0c9b4bf5459411c399ddce","Current reusable platform catalog; preserve every existing value and primary key."
"module_catalog","key","rpc_nodes","Global platform configuration","INCLUDE","1","e8e936b8b0308f372f56a1f23545025c","Current reusable platform catalog; preserve every existing value and primary key."
"module_catalog","key","staking","Global platform configuration","INCLUDE","1","0f897c58fe61100181b47d9e8cc5f164","Current reusable platform catalog; preserve every existing value and primary key."
"module_catalog","key","telegram_bot","Global platform configuration","INCLUDE","1","4f04e2ad6f2e3500f12334e8ed77130c","Current reusable platform catalog; preserve every existing value and primary key."
"module_catalog","key","telegram_mini_app","Global platform configuration","INCLUDE","1","60d2b825a0b1b8f7bf5a0d0ab6bdfc6d","Current reusable platform catalog; preserve every existing value and primary key."
"module_catalog","key","website","Global platform configuration","INCLUDE","1","0badcc34bdb1f5c8aa7545bfb448f9ab","Current reusable platform catalog; preserve every existing value and primary key."
"module_catalog","key","whatsapp_bot","Global platform configuration","INCLUDE","1","28e571d4bf37e8498e38435936b2e4d5","Current reusable platform catalog; preserve every existing value and primary key."
"network_catalog","id","bitcoin-testnet","Global platform configuration","INCLUDE","1","2fd5a9227fa9a8892d2f333596f7c1da","Current reusable platform catalog; preserve every existing value and primary key."
"network_catalog","id","bsc-testnet","Global platform configuration","INCLUDE","1","348dc8d789a17ae078aa95bf05c97861","Current reusable platform catalog; preserve every existing value and primary key."
"network_catalog","id","ethereum-sepolia","Global platform configuration","INCLUDE","1","57fbd2b798f9d8612bd4129f08ad5e8b","Current reusable platform catalog; preserve every existing value and primary key."
"network_catalog","id","solana-devnet","Global platform configuration","INCLUDE","1","3aa2f682afdcc80e96ed04bfc9e692ec","Current reusable platform catalog; preserve every existing value and primary key."
"network_catalog","id","tron-nile","Global platform configuration","INCLUDE","1","cc16e05f972d29a17e1a2c6f7a10e574","Current reusable platform catalog; preserve every existing value and primary key."
"plan_entitlements","plan_id|key","09f6f7a7-115b-4336-84c9-21462974d182|api_keys","Demo tenant/catalog configuration","EXCLUDE","","","All four plans are sample/demo plans; no approved Production plan is identifiable."
"plan_entitlements","plan_id|key","09f6f7a7-115b-4336-84c9-21462974d182|buy","Demo tenant/catalog configuration","EXCLUDE","","","All four plans are sample/demo plans; no approved Production plan is identifiable."
"plan_entitlements","plan_id|key","09f6f7a7-115b-4336-84c9-21462974d182|convert","Demo tenant/catalog configuration","EXCLUDE","","","All four plans are sample/demo plans; no approved Production plan is identifiable."
"plan_entitlements","plan_id|key","09f6f7a7-115b-4336-84c9-21462974d182|crypto_exchange","Demo tenant/catalog configuration","EXCLUDE","","","All four plans are sample/demo plans; no approved Production plan is identifiable."
"plan_entitlements","plan_id|key","09f6f7a7-115b-4336-84c9-21462974d182|crypto_payments","Demo tenant/catalog configuration","EXCLUDE","","","All four plans are sample/demo plans; no approved Production plan is identifiable."
"plan_entitlements","plan_id|key","09f6f7a7-115b-4336-84c9-21462974d182|max_api_keys","Demo tenant/catalog configuration","EXCLUDE","","","All four plans are sample/demo plans; no approved Production plan is identifiable."
"plan_entitlements","plan_id|key","09f6f7a7-115b-4336-84c9-21462974d182|max_monthly_transactions","Demo tenant/catalog configuration","EXCLUDE","","","All four plans are sample/demo plans; no approved Production plan is identifiable."
"plan_entitlements","plan_id|key","09f6f7a7-115b-4336-84c9-21462974d182|max_monthly_volume","Demo tenant/catalog configuration","EXCLUDE","","","All four plans are sample/demo plans; no approved Production plan is identifiable."
"plan_entitlements","plan_id|key","09f6f7a7-115b-4336-84c9-21462974d182|max_payment_methods","Demo tenant/catalog configuration","EXCLUDE","","","All four plans are sample/demo plans; no approved Production plan is identifiable."
"plan_entitlements","plan_id|key","09f6f7a7-115b-4336-84c9-21462974d182|max_staff","Demo tenant/catalog configuration","EXCLUDE","","","All four plans are sample/demo plans; no approved Production plan is identifiable."
"plan_entitlements","plan_id|key","09f6f7a7-115b-4336-84c9-21462974d182|max_supported_assets","Demo tenant/catalog configuration","EXCLUDE","","","All four plans are sample/demo plans; no approved Production plan is identifiable."
"plan_entitlements","plan_id|key","09f6f7a7-115b-4336-84c9-21462974d182|max_supported_networks","Demo tenant/catalog configuration","EXCLUDE","","","All four plans are sample/demo plans; no approved Production plan is identifiable."
"plan_entitlements","plan_id|key","09f6f7a7-115b-4336-84c9-21462974d182|max_webhooks","Demo tenant/catalog configuration","EXCLUDE","","","All four plans are sample/demo plans; no approved Production plan is identifiable."
"plan_entitlements","plan_id|key","09f6f7a7-115b-4336-84c9-21462974d182|merchant_api","Demo tenant/catalog configuration","EXCLUDE","","","All four plans are sample/demo plans; no approved Production plan is identifiable."
"plan_entitlements","plan_id|key","09f6f7a7-115b-4336-84c9-21462974d182|sell","Demo tenant/catalog configuration","EXCLUDE","","","All four plans are sample/demo plans; no approved Production plan is identifiable."
"plan_entitlements","plan_id|key","09f6f7a7-115b-4336-84c9-21462974d182|swap","Demo tenant/catalog configuration","EXCLUDE","","","All four plans are sample/demo plans; no approved Production plan is identifiable."
"plan_entitlements","plan_id|key","09f6f7a7-115b-4336-84c9-21462974d182|webhooks","Demo tenant/catalog configuration","EXCLUDE","","","All four plans are sample/demo plans; no approved Production plan is identifiable."
"plan_entitlements","plan_id|key","09f6f7a7-115b-4336-84c9-21462974d182|website","Demo tenant/catalog configuration","EXCLUDE","","","All four plans are sample/demo plans; no approved Production plan is identifiable."
"plan_entitlements","plan_id|key","0a3dd0b9-d656-4658-a044-f42a48469ed6|api_keys","Demo tenant/catalog configuration","EXCLUDE","","","All four plans are sample/demo plans; no approved Production plan is identifiable."
"plan_entitlements","plan_id|key","0a3dd0b9-d656-4658-a044-f42a48469ed6|buy","Demo tenant/catalog configuration","EXCLUDE","","","All four plans are sample/demo plans; no approved Production plan is identifiable."
"plan_entitlements","plan_id|key","0a3dd0b9-d656-4658-a044-f42a48469ed6|convert","Demo tenant/catalog configuration","EXCLUDE","","","All four plans are sample/demo plans; no approved Production plan is identifiable."
"plan_entitlements","plan_id|key","0a3dd0b9-d656-4658-a044-f42a48469ed6|crypto_exchange","Demo tenant/catalog configuration","EXCLUDE","","","All four plans are sample/demo plans; no approved Production plan is identifiable."
"plan_entitlements","plan_id|key","0a3dd0b9-d656-4658-a044-f42a48469ed6|crypto_payments","Demo tenant/catalog configuration","EXCLUDE","","","All four plans are sample/demo plans; no approved Production plan is identifiable."
"plan_entitlements","plan_id|key","0a3dd0b9-d656-4658-a044-f42a48469ed6|max_api_keys","Demo tenant/catalog configuration","EXCLUDE","","","All four plans are sample/demo plans; no approved Production plan is identifiable."
"plan_entitlements","plan_id|key","0a3dd0b9-d656-4658-a044-f42a48469ed6|max_monthly_transactions","Demo tenant/catalog configuration","EXCLUDE","","","All four plans are sample/demo plans; no approved Production plan is identifiable."
"plan_entitlements","plan_id|key","0a3dd0b9-d656-4658-a044-f42a48469ed6|max_monthly_volume","Demo tenant/catalog configuration","EXCLUDE","","","All four plans are sample/demo plans; no approved Production plan is identifiable."
"plan_entitlements","plan_id|key","0a3dd0b9-d656-4658-a044-f42a48469ed6|max_payment_methods","Demo tenant/catalog configuration","EXCLUDE","","","All four plans are sample/demo plans; no approved Production plan is identifiable."
"plan_entitlements","plan_id|key","0a3dd0b9-d656-4658-a044-f42a48469ed6|max_staff","Demo tenant/catalog configuration","EXCLUDE","","","All four plans are sample/demo plans; no approved Production plan is identifiable."
"plan_entitlements","plan_id|key","0a3dd0b9-d656-4658-a044-f42a48469ed6|max_supported_assets","Demo tenant/catalog configuration","EXCLUDE","","","All four plans are sample/demo plans; no approved Production plan is identifiable."
"plan_entitlements","plan_id|key","0a3dd0b9-d656-4658-a044-f42a48469ed6|max_supported_networks","Demo tenant/catalog configuration","EXCLUDE","","","All four plans are sample/demo plans; no approved Production plan is identifiable."
"plan_entitlements","plan_id|key","0a3dd0b9-d656-4658-a044-f42a48469ed6|max_webhooks","Demo tenant/catalog configuration","EXCLUDE","","","All four plans are sample/demo plans; no approved Production plan is identifiable."
"plan_entitlements","plan_id|key","0a3dd0b9-d656-4658-a044-f42a48469ed6|merchant_api","Demo tenant/catalog configuration","EXCLUDE","","","All four plans are sample/demo plans; no approved Production plan is identifiable."
"plan_entitlements","plan_id|key","0a3dd0b9-d656-4658-a044-f42a48469ed6|sell","Demo tenant/catalog configuration","EXCLUDE","","","All four plans are sample/demo plans; no approved Production plan is identifiable."
"plan_entitlements","plan_id|key","0a3dd0b9-d656-4658-a044-f42a48469ed6|swap","Demo tenant/catalog configuration","EXCLUDE","","","All four plans are sample/demo plans; no approved Production plan is identifiable."
"plan_entitlements","plan_id|key","0a3dd0b9-d656-4658-a044-f42a48469ed6|webhooks","Demo tenant/catalog configuration","EXCLUDE","","","All four plans are sample/demo plans; no approved Production plan is identifiable."
"plan_entitlements","plan_id|key","0a3dd0b9-d656-4658-a044-f42a48469ed6|website","Demo tenant/catalog configuration","EXCLUDE","","","All four plans are sample/demo plans; no approved Production plan is identifiable."
"plan_entitlements","plan_id|key","56b96789-c67e-4ae4-86f3-34c9dd69feb0|api_keys","Demo tenant/catalog configuration","EXCLUDE","","","All four plans are sample/demo plans; no approved Production plan is identifiable."
"plan_entitlements","plan_id|key","56b96789-c67e-4ae4-86f3-34c9dd69feb0|buy","Demo tenant/catalog configuration","EXCLUDE","","","All four plans are sample/demo plans; no approved Production plan is identifiable."
"plan_entitlements","plan_id|key","56b96789-c67e-4ae4-86f3-34c9dd69feb0|convert","Demo tenant/catalog configuration","EXCLUDE","","","All four plans are sample/demo plans; no approved Production plan is identifiable."
"plan_entitlements","plan_id|key","56b96789-c67e-4ae4-86f3-34c9dd69feb0|crypto_exchange","Demo tenant/catalog configuration","EXCLUDE","","","All four plans are sample/demo plans; no approved Production plan is identifiable."
"plan_entitlements","plan_id|key","56b96789-c67e-4ae4-86f3-34c9dd69feb0|crypto_payments","Demo tenant/catalog configuration","EXCLUDE","","","All four plans are sample/demo plans; no approved Production plan is identifiable."
"plan_entitlements","plan_id|key","56b96789-c67e-4ae4-86f3-34c9dd69feb0|max_api_keys","Demo tenant/catalog configuration","EXCLUDE","","","All four plans are sample/demo plans; no approved Production plan is identifiable."
"plan_entitlements","plan_id|key","56b96789-c67e-4ae4-86f3-34c9dd69feb0|max_monthly_transactions","Demo tenant/catalog configuration","EXCLUDE","","","All four plans are sample/demo plans; no approved Production plan is identifiable."
"plan_entitlements","plan_id|key","56b96789-c67e-4ae4-86f3-34c9dd69feb0|max_monthly_volume","Demo tenant/catalog configuration","EXCLUDE","","","All four plans are sample/demo plans; no approved Production plan is identifiable."
"plan_entitlements","plan_id|key","56b96789-c67e-4ae4-86f3-34c9dd69feb0|max_payment_methods","Demo tenant/catalog configuration","EXCLUDE","","","All four plans are sample/demo plans; no approved Production plan is identifiable."
"plan_entitlements","plan_id|key","56b96789-c67e-4ae4-86f3-34c9dd69feb0|max_staff","Demo tenant/catalog configuration","EXCLUDE","","","All four plans are sample/demo plans; no approved Production plan is identifiable."
"plan_entitlements","plan_id|key","56b96789-c67e-4ae4-86f3-34c9dd69feb0|max_supported_assets","Demo tenant/catalog configuration","EXCLUDE","","","All four plans are sample/demo plans; no approved Production plan is identifiable."
"plan_entitlements","plan_id|key","56b96789-c67e-4ae4-86f3-34c9dd69feb0|max_supported_networks","Demo tenant/catalog configuration","EXCLUDE","","","All four plans are sample/demo plans; no approved Production plan is identifiable."
"plan_entitlements","plan_id|key","56b96789-c67e-4ae4-86f3-34c9dd69feb0|max_webhooks","Demo tenant/catalog configuration","EXCLUDE","","","All four plans are sample/demo plans; no approved Production plan is identifiable."
"plan_entitlements","plan_id|key","56b96789-c67e-4ae4-86f3-34c9dd69feb0|merchant_api","Demo tenant/catalog configuration","EXCLUDE","","","All four plans are sample/demo plans; no approved Production plan is identifiable."
"plan_entitlements","plan_id|key","56b96789-c67e-4ae4-86f3-34c9dd69feb0|sell","Demo tenant/catalog configuration","EXCLUDE","","","All four plans are sample/demo plans; no approved Production plan is identifiable."
"plan_entitlements","plan_id|key","56b96789-c67e-4ae4-86f3-34c9dd69feb0|swap","Demo tenant/catalog configuration","EXCLUDE","","","All four plans are sample/demo plans; no approved Production plan is identifiable."
"plan_entitlements","plan_id|key","56b96789-c67e-4ae4-86f3-34c9dd69feb0|webhooks","Demo tenant/catalog configuration","EXCLUDE","","","All four plans are sample/demo plans; no approved Production plan is identifiable."
"plan_entitlements","plan_id|key","56b96789-c67e-4ae4-86f3-34c9dd69feb0|website","Demo tenant/catalog configuration","EXCLUDE","","","All four plans are sample/demo plans; no approved Production plan is identifiable."
"plan_entitlements","plan_id|key","bddfd0b5-5ec2-442b-914f-3786be9e0aca|api_keys","Demo tenant/catalog configuration","EXCLUDE","","","All four plans are sample/demo plans; no approved Production plan is identifiable."
"plan_entitlements","plan_id|key","bddfd0b5-5ec2-442b-914f-3786be9e0aca|buy","Demo tenant/catalog configuration","EXCLUDE","","","All four plans are sample/demo plans; no approved Production plan is identifiable."
"plan_entitlements","plan_id|key","bddfd0b5-5ec2-442b-914f-3786be9e0aca|convert","Demo tenant/catalog configuration","EXCLUDE","","","All four plans are sample/demo plans; no approved Production plan is identifiable."
"plan_entitlements","plan_id|key","bddfd0b5-5ec2-442b-914f-3786be9e0aca|crypto_exchange","Demo tenant/catalog configuration","EXCLUDE","","","All four plans are sample/demo plans; no approved Production plan is identifiable."
"plan_entitlements","plan_id|key","bddfd0b5-5ec2-442b-914f-3786be9e0aca|max_api_keys","Demo tenant/catalog configuration","EXCLUDE","","","All four plans are sample/demo plans; no approved Production plan is identifiable."
"plan_entitlements","plan_id|key","bddfd0b5-5ec2-442b-914f-3786be9e0aca|max_monthly_transactions","Demo tenant/catalog configuration","EXCLUDE","","","All four plans are sample/demo plans; no approved Production plan is identifiable."
"plan_entitlements","plan_id|key","bddfd0b5-5ec2-442b-914f-3786be9e0aca|max_monthly_volume","Demo tenant/catalog configuration","EXCLUDE","","","All four plans are sample/demo plans; no approved Production plan is identifiable."
"plan_entitlements","plan_id|key","bddfd0b5-5ec2-442b-914f-3786be9e0aca|max_payment_methods","Demo tenant/catalog configuration","EXCLUDE","","","All four plans are sample/demo plans; no approved Production plan is identifiable."
"plan_entitlements","plan_id|key","bddfd0b5-5ec2-442b-914f-3786be9e0aca|max_staff","Demo tenant/catalog configuration","EXCLUDE","","","All four plans are sample/demo plans; no approved Production plan is identifiable."
"plan_entitlements","plan_id|key","bddfd0b5-5ec2-442b-914f-3786be9e0aca|max_supported_assets","Demo tenant/catalog configuration","EXCLUDE","","","All four plans are sample/demo plans; no approved Production plan is identifiable."
"plan_entitlements","plan_id|key","bddfd0b5-5ec2-442b-914f-3786be9e0aca|max_supported_networks","Demo tenant/catalog configuration","EXCLUDE","","","All four plans are sample/demo plans; no approved Production plan is identifiable."
"plan_entitlements","plan_id|key","bddfd0b5-5ec2-442b-914f-3786be9e0aca|max_webhooks","Demo tenant/catalog configuration","EXCLUDE","","","All four plans are sample/demo plans; no approved Production plan is identifiable."
"plan_entitlements","plan_id|key","bddfd0b5-5ec2-442b-914f-3786be9e0aca|merchant_api","Demo tenant/catalog configuration","EXCLUDE","","","All four plans are sample/demo plans; no approved Production plan is identifiable."
"plan_entitlements","plan_id|key","bddfd0b5-5ec2-442b-914f-3786be9e0aca|sell","Demo tenant/catalog configuration","EXCLUDE","","","All four plans are sample/demo plans; no approved Production plan is identifiable."
"plan_entitlements","plan_id|key","bddfd0b5-5ec2-442b-914f-3786be9e0aca|swap","Demo tenant/catalog configuration","EXCLUDE","","","All four plans are sample/demo plans; no approved Production plan is identifiable."
"plan_entitlements","plan_id|key","bddfd0b5-5ec2-442b-914f-3786be9e0aca|website","Demo tenant/catalog configuration","EXCLUDE","","","All four plans are sample/demo plans; no approved Production plan is identifiable."
"plans","id","09f6f7a7-115b-4336-84c9-21462974d182","Demo tenant/catalog configuration","EXCLUDE","","","All four plans are sample/demo plans; no approved Production plan is identifiable."
"plans","id","0a3dd0b9-d656-4658-a044-f42a48469ed6","Demo tenant/catalog configuration","EXCLUDE","","","All four plans are sample/demo plans; no approved Production plan is identifiable."
"plans","id","56b96789-c67e-4ae4-86f3-34c9dd69feb0","Demo tenant/catalog configuration","EXCLUDE","","","All four plans are sample/demo plans; no approved Production plan is identifiable."
"plans","id","bddfd0b5-5ec2-442b-914f-3786be9e0aca","Demo tenant/catalog configuration","EXCLUDE","","","All four plans are sample/demo plans; no approved Production plan is identifiable."
"platform_admins","clerk_user_id","user_3KF0i38mD09exoEm6cdBCLFQQRL","Authentication/access assignments","INCLUDE — IDENTITY HOLD","3","","Permanent owner assignment, not a disposable grant. Exact Clerk ID must be verified in Production; no remapping or user/credential migration authorized."
"pricing_rules","id","0358e256-1560-4a56-a492-193daac56269","Demo tenant/catalog configuration","EXCLUDE","","","Rows belong exclusively to excluded demonstration tenants."
"pricing_rules","id","0e0507d7-6c63-4544-8e27-f0fe84bccce9","Demo tenant/catalog configuration","EXCLUDE","","","Rows belong exclusively to excluded demonstration tenants."
"pricing_rules","id","0e5ead49-9f5a-41a0-864c-c737414cb61d","Demo tenant/catalog configuration","EXCLUDE","","","Rows belong exclusively to excluded demonstration tenants."
"pricing_rules","id","15f592eb-1fd3-478a-96e9-6cffe3d84ee3","Demo tenant/catalog configuration","EXCLUDE","","","Rows belong exclusively to excluded demonstration tenants."
"pricing_rules","id","1aba135b-060e-476a-a920-733303b86ca1","Demo tenant/catalog configuration","EXCLUDE","","","Rows belong exclusively to excluded demonstration tenants."
"pricing_rules","id","2bbd7b4d-b892-44a0-a9e8-868e76e55b98","Demo tenant/catalog configuration","EXCLUDE","","","Rows belong exclusively to excluded demonstration tenants."
"pricing_rules","id","2f860066-10cb-4a18-b44a-1000e38b4cac","Demo tenant/catalog configuration","EXCLUDE","","","Rows belong exclusively to excluded demonstration tenants."
"pricing_rules","id","2fd9582d-8d33-4d12-b932-b0e0a5a99c23","Demo tenant/catalog configuration","EXCLUDE","","","Rows belong exclusively to excluded demonstration tenants."
"pricing_rules","id","3c971557-3f34-4be6-9f43-36b6b5a5876d","Demo tenant/catalog configuration","EXCLUDE","","","Rows belong exclusively to excluded demonstration tenants."
"pricing_rules","id","412cb364-ab06-482b-987a-c82fe0549875","Demo tenant/catalog configuration","EXCLUDE","","","Rows belong exclusively to excluded demonstration tenants."
"pricing_rules","id","45e51ad4-c11b-45bd-b07a-ed132d0b6736","Demo tenant/catalog configuration","EXCLUDE","","","Rows belong exclusively to excluded demonstration tenants."
"pricing_rules","id","4cb4caaa-3a02-4fa9-a6e8-9f926a4a2add","Demo tenant/catalog configuration","EXCLUDE","","","Rows belong exclusively to excluded demonstration tenants."
"pricing_rules","id","52be0e41-b62f-46e4-a03e-d0f0df6020eb","Demo tenant/catalog configuration","EXCLUDE","","","Rows belong exclusively to excluded demonstration tenants."
"pricing_rules","id","5d3d52e6-01e1-4cbf-b5f3-5c475975ee9e","Demo tenant/catalog configuration","EXCLUDE","","","Rows belong exclusively to excluded demonstration tenants."
"pricing_rules","id","6cbb8ec4-ac7c-41d0-8b02-18ee5fed4055","Demo tenant/catalog configuration","EXCLUDE","","","Rows belong exclusively to excluded demonstration tenants."
"pricing_rules","id","77001783-7ac2-457b-b1da-867317bca730","Demo tenant/catalog configuration","EXCLUDE","","","Rows belong exclusively to excluded demonstration tenants."
"pricing_rules","id","78bfa89a-6605-40b5-a638-d879ef870cd2","Demo tenant/catalog configuration","EXCLUDE","","","Rows belong exclusively to excluded demonstration tenants."
"pricing_rules","id","7fbbb993-756e-45fc-8146-a584820f337d","Demo tenant/catalog configuration","EXCLUDE","","","Rows belong exclusively to excluded demonstration tenants."
"pricing_rules","id","809c5547-015d-4d25-b82a-a5e8d5a8eddc","Demo tenant/catalog configuration","EXCLUDE","","","Rows belong exclusively to excluded demonstration tenants."
"pricing_rules","id","835a1cf2-22e2-4aa8-8270-942b6ea7c1c7","Demo tenant/catalog configuration","EXCLUDE","","","Rows belong exclusively to excluded demonstration tenants."
"pricing_rules","id","8711957e-4352-4124-b143-e58484afac98","Demo tenant/catalog configuration","EXCLUDE","","","Rows belong exclusively to excluded demonstration tenants."
"pricing_rules","id","8c1fbe62-d1a7-4623-b1ca-6c0f1c84392d","Demo tenant/catalog configuration","EXCLUDE","","","Rows belong exclusively to excluded demonstration tenants."
"pricing_rules","id","8dab139f-b793-4473-9f20-68372eb905f3","Demo tenant/catalog configuration","EXCLUDE","","","Rows belong exclusively to excluded demonstration tenants."
"pricing_rules","id","930e6d44-1f7c-4809-95b8-f63103d42f50","Demo tenant/catalog configuration","EXCLUDE","","","Rows belong exclusively to excluded demonstration tenants."
"pricing_rules","id","95b74f5b-3343-49dd-b49a-834a738212e8","Demo tenant/catalog configuration","EXCLUDE","","","Rows belong exclusively to excluded demonstration tenants."
"pricing_rules","id","999615a8-9029-40c7-99c6-546458b9d0a8","Demo tenant/catalog configuration","EXCLUDE","","","Rows belong exclusively to excluded demonstration tenants."
"pricing_rules","id","a352974a-789b-4fbd-b469-a8afcefbe2ae","Demo tenant/catalog configuration","EXCLUDE","","","Rows belong exclusively to excluded demonstration tenants."
"pricing_rules","id","a4ca1de3-efd2-4106-a550-2eff8a08e15a","Demo tenant/catalog configuration","EXCLUDE","","","Rows belong exclusively to excluded demonstration tenants."
"pricing_rules","id","c556aea8-1d7a-4c3b-b876-a6e8ab5ae4f1","Demo tenant/catalog configuration","EXCLUDE","","","Rows belong exclusively to excluded demonstration tenants."
"pricing_rules","id","c689f722-46b3-4002-b8e4-4e46cfc22d4e","Demo tenant/catalog configuration","EXCLUDE","","","Rows belong exclusively to excluded demonstration tenants."
"pricing_rules","id","cbd23e6f-37e1-4dfe-a1d0-0fe15f8023f3","Demo tenant/catalog configuration","EXCLUDE","","","Rows belong exclusively to excluded demonstration tenants."
"pricing_rules","id","d0ce22bf-a6c0-4feb-b3b3-cc3b8cbfd469","Demo tenant/catalog configuration","EXCLUDE","","","Rows belong exclusively to excluded demonstration tenants."
"pricing_rules","id","f7947527-542b-4260-8784-d62ead8f3b5c","Demo tenant/catalog configuration","EXCLUDE","","","Rows belong exclusively to excluded demonstration tenants."
"pricing_rules","id","fdd9340f-3a28-4678-9b6f-ff0faff07075","Demo tenant/catalog configuration","EXCLUDE","","","Rows belong exclusively to excluded demonstration tenants."
"tenant_addons","tenant_id|addon_id","cd37f7a9-4421-454d-844c-ef7731663852|14132d78-8b01-4886-bae0-b2a175915094","Demo tenant/catalog configuration","EXCLUDE","","","Only add-on explicitly describes itself as Development demonstration only; assigned only to Nexa sample."
"tenant_asset_networks","tenant_id|asset_network_id","0530ee70-37a8-4aca-8488-acd24772f12a|btc:bitcoin-testnet","Demo tenant/catalog configuration","EXCLUDE","","","Rows belong exclusively to excluded demonstration tenants."
"tenant_asset_networks","tenant_id|asset_network_id","0530ee70-37a8-4aca-8488-acd24772f12a|eth:ethereum-sepolia","Demo tenant/catalog configuration","EXCLUDE","","","Rows belong exclusively to excluded demonstration tenants."
"tenant_asset_networks","tenant_id|asset_network_id","14f46eb6-01a1-4e56-87ac-8cc19c0fa96b|eth:ethereum-sepolia","Demo tenant/catalog configuration","EXCLUDE","","","Rows belong exclusively to excluded demonstration tenants."
"tenant_asset_networks","tenant_id|asset_network_id","75c33654-48a7-45f6-bdb7-d199cc5e0412|btc:bitcoin-testnet","Demo tenant/catalog configuration","EXCLUDE","","","Rows belong exclusively to excluded demonstration tenants."
"tenant_asset_networks","tenant_id|asset_network_id","75c33654-48a7-45f6-bdb7-d199cc5e0412|eth:ethereum-sepolia","Demo tenant/catalog configuration","EXCLUDE","","","Rows belong exclusively to excluded demonstration tenants."
"tenant_asset_networks","tenant_id|asset_network_id","cd37f7a9-4421-454d-844c-ef7731663852|btc:bitcoin-testnet","Demo tenant/catalog configuration","EXCLUDE","","","Rows belong exclusively to excluded demonstration tenants."
"tenant_asset_networks","tenant_id|asset_network_id","cd37f7a9-4421-454d-844c-ef7731663852|eth:ethereum-sepolia","Demo tenant/catalog configuration","EXCLUDE","","","Rows belong exclusively to excluded demonstration tenants."
"tenant_asset_networks","tenant_id|asset_network_id","cd37f7a9-4421-454d-844c-ef7731663852|usdt:bsc-testnet","Demo tenant/catalog configuration","EXCLUDE","","","Rows belong exclusively to excluded demonstration tenants."
"tenant_asset_networks","tenant_id|asset_network_id","ef23664c-4815-4c15-bab7-4cc80c6fadbe|btc:bitcoin-testnet","Demo tenant/catalog configuration","EXCLUDE","","","Rows belong exclusively to excluded demonstration tenants."
"tenant_asset_networks","tenant_id|asset_network_id","ef23664c-4815-4c15-bab7-4cc80c6fadbe|eth:ethereum-sepolia","Demo tenant/catalog configuration","EXCLUDE","","","Rows belong exclusively to excluded demonstration tenants."
"tenant_asset_networks","tenant_id|asset_network_id","ef23664c-4815-4c15-bab7-4cc80c6fadbe|usdt:ethereum-sepolia","Demo tenant/catalog configuration","EXCLUDE","","","Rows belong exclusively to excluded demonstration tenants."
"tenant_branding","tenant_id","0530ee70-37a8-4aca-8488-acd24772f12a","Demo tenant/catalog configuration","EXCLUDE","","","Rows belong exclusively to excluded demonstration tenants."
"tenant_branding","tenant_id","14f46eb6-01a1-4e56-87ac-8cc19c0fa96b","Demo tenant/catalog configuration","EXCLUDE","","","Rows belong exclusively to excluded demonstration tenants."
"tenant_branding","tenant_id","75c33654-48a7-45f6-bdb7-d199cc5e0412","Demo tenant/catalog configuration","EXCLUDE","","","Rows belong exclusively to excluded demonstration tenants."
"tenant_branding","tenant_id","cd37f7a9-4421-454d-844c-ef7731663852","Demo tenant/catalog configuration","EXCLUDE","","","Rows belong exclusively to excluded demonstration tenants."
"tenant_branding","tenant_id","ef23664c-4815-4c15-bab7-4cc80c6fadbe","Demo tenant/catalog configuration","EXCLUDE","","","Rows belong exclusively to excluded demonstration tenants."
"tenant_configuration","tenant_id","0530ee70-37a8-4aca-8488-acd24772f12a","Demo tenant/catalog configuration","EXCLUDE","","","Rows belong exclusively to excluded demonstration tenants."
"tenant_configuration","tenant_id","14f46eb6-01a1-4e56-87ac-8cc19c0fa96b","Demo tenant/catalog configuration","EXCLUDE","","","Rows belong exclusively to excluded demonstration tenants."
"tenant_configuration","tenant_id","75c33654-48a7-45f6-bdb7-d199cc5e0412","Demo tenant/catalog configuration","EXCLUDE","","","Rows belong exclusively to excluded demonstration tenants."
"tenant_configuration","tenant_id","cd37f7a9-4421-454d-844c-ef7731663852","Demo tenant/catalog configuration","EXCLUDE","","","Rows belong exclusively to excluded demonstration tenants."
"tenant_configuration","tenant_id","ef23664c-4815-4c15-bab7-4cc80c6fadbe","Demo tenant/catalog configuration","EXCLUDE","","","Rows belong exclusively to excluded demonstration tenants."
"tenant_domains","tenant_id","14f46eb6-01a1-4e56-87ac-8cc19c0fa96b","Demo tenant/catalog configuration","EXCLUDE","","","Only unverified .example demonstration domains; exclude tokens and do not change DNS."
"tenant_domains","tenant_id","75c33654-48a7-45f6-bdb7-d199cc5e0412","Demo tenant/catalog configuration","EXCLUDE","","","Only unverified .example demonstration domains; exclude tokens and do not change DNS."
"tenant_domains","tenant_id","cd37f7a9-4421-454d-844c-ef7731663852","Demo tenant/catalog configuration","EXCLUDE","","","Only unverified .example demonstration domains; exclude tokens and do not change DNS."
"tenant_entitlement_overrides","tenant_id|key","14f46eb6-01a1-4e56-87ac-8cc19c0fa96b|max_staff","Demo tenant/catalog configuration","EXCLUDE","","","Rows belong exclusively to excluded demonstration tenants."
"tenant_memberships","tenant_id|clerk_user_id","75c33654-48a7-45f6-bdb7-d199cc5e0412|user_3KFrDQS5GCzDTkszpTb3qrl8pvS","Authentication/access assignments","EXCLUDE","","","One retained disposable visual-demo customer and one synthetic public-demo identity; neither is an approved Production customer assignment."
"tenant_memberships","tenant_id|clerk_user_id","ef23664c-4815-4c15-bab7-4cc80c6fadbe|user_novaxPublicDemo","Authentication/access assignments","EXCLUDE","","","One retained disposable visual-demo customer and one synthetic public-demo identity; neither is an approved Production customer assignment."
"tenant_payment_methods","id","4a37ee90-6e45-4ccc-ae45-71efd096ab9c","Demo tenant/catalog configuration","EXCLUDE","","","Rows belong exclusively to excluded demonstration tenants."
"tenant_payment_methods","id","5047a59f-8786-4e5f-b080-32e53116d01a","Demo tenant/catalog configuration","EXCLUDE","","","Rows belong exclusively to excluded demonstration tenants."
"tenant_payment_methods","id","9d65db9d-d1ef-45e2-85bd-5c3de6d55ec7","Demo tenant/catalog configuration","EXCLUDE","","","Rows belong exclusively to excluded demonstration tenants."
"tenant_payment_methods","id","b1a29dfb-207c-4595-9e00-85193afbfad1","Demo tenant/catalog configuration","EXCLUDE","","","Rows belong exclusively to excluded demonstration tenants."
"tenant_product_configuration","tenant_id|module_key","0530ee70-37a8-4aca-8488-acd24772f12a|crypto_exchange","Demo tenant/catalog configuration","EXCLUDE","","","Rows belong exclusively to excluded demonstration tenants."
"tenant_product_configuration","tenant_id|module_key","75c33654-48a7-45f6-bdb7-d199cc5e0412|crypto_exchange","Demo tenant/catalog configuration","EXCLUDE","","","Rows belong exclusively to excluded demonstration tenants."
"tenant_product_configuration","tenant_id|module_key","ef23664c-4815-4c15-bab7-4cc80c6fadbe|crypto_exchange","Demo tenant/catalog configuration","EXCLUDE","","","Rows belong exclusively to excluded demonstration tenants."
"tenant_subscriptions","tenant_id","0530ee70-37a8-4aca-8488-acd24772f12a","Demo tenant/catalog configuration","EXCLUDE","","","Rows belong exclusively to excluded demonstration tenants."
"tenant_subscriptions","tenant_id","14f46eb6-01a1-4e56-87ac-8cc19c0fa96b","Demo tenant/catalog configuration","EXCLUDE","","","Rows belong exclusively to excluded demonstration tenants."
"tenant_subscriptions","tenant_id","75c33654-48a7-45f6-bdb7-d199cc5e0412","Demo tenant/catalog configuration","EXCLUDE","","","Rows belong exclusively to excluded demonstration tenants."
"tenant_subscriptions","tenant_id","cd37f7a9-4421-454d-844c-ef7731663852","Demo tenant/catalog configuration","EXCLUDE","","","Rows belong exclusively to excluded demonstration tenants."
"tenant_subscriptions","tenant_id","ef23664c-4815-4c15-bab7-4cc80c6fadbe","Demo tenant/catalog configuration","EXCLUDE","","","Rows belong exclusively to excluded demonstration tenants."
"tenant_usage_counters","tenant_id|key|period","0530ee70-37a8-4aca-8488-acd24772f12a|max_monthly_transactions|2026-10","Demo/test operational records","EXCLUDE","","","Simulation, verification, demonstration delivery/history or usage state; not required legitimate live configuration."
"tenant_usage_counters","tenant_id|key|period","0530ee70-37a8-4aca-8488-acd24772f12a|max_monthly_volume|2026-10","Demo/test operational records","EXCLUDE","","","Simulation, verification, demonstration delivery/history or usage state; not required legitimate live configuration."
"tenant_usage_counters","tenant_id|key|period","ef23664c-4815-4c15-bab7-4cc80c6fadbe|max_monthly_transactions|2026-10","Demo/test operational records","EXCLUDE","","","Simulation, verification, demonstration delivery/history or usage state; not required legitimate live configuration."
"tenant_usage_counters","tenant_id|key|period","ef23664c-4815-4c15-bab7-4cc80c6fadbe|max_monthly_volume|2026-10","Demo/test operational records","EXCLUDE","","","Simulation, verification, demonstration delivery/history or usage state; not required legitimate live configuration."
"tenants","id","0530ee70-37a8-4aca-8488-acd24772f12a","Demo tenant/catalog configuration","EXCLUDE","","","Rows belong exclusively to excluded demonstration tenants."
"tenants","id","14f46eb6-01a1-4e56-87ac-8cc19c0fa96b","Demo tenant/catalog configuration","EXCLUDE","","","Rows belong exclusively to excluded demonstration tenants."
"tenants","id","75c33654-48a7-45f6-bdb7-d199cc5e0412","Demo tenant/catalog configuration","EXCLUDE","","","Rows belong exclusively to excluded demonstration tenants."
"tenants","id","cd37f7a9-4421-454d-844c-ef7731663852","Demo tenant/catalog configuration","EXCLUDE","","","Rows belong exclusively to excluded demonstration tenants."
"tenants","id","ef23664c-4815-4c15-bab7-4cc80c6fadbe","Demo tenant/catalog configuration","EXCLUDE","","","Rows belong exclusively to excluded demonstration tenants."
"white_label_events","id","15acc279-0102-4f29-a342-1ca4fa698b32","Demo/test operational records","EXCLUDE","","","Simulation, verification, demonstration delivery/history or usage state; not required legitimate live configuration."
"white_label_events","id","3f09d5ee-37c3-4d52-961d-52923896d504","Demo/test operational records","EXCLUDE","","","Simulation, verification, demonstration delivery/history or usage state; not required legitimate live configuration."
"white_label_events","id","42bc8f29-78dd-4bf5-8964-dc6835f84306","Demo/test operational records","EXCLUDE","","","Simulation, verification, demonstration delivery/history or usage state; not required legitimate live configuration."
"white_label_events","id","6445bedb-24a4-4b20-9819-68f9f0386a13","Demo/test operational records","EXCLUDE","","","Simulation, verification, demonstration delivery/history or usage state; not required legitimate live configuration."
"white_label_events","id","68916fd2-760f-428b-baab-1910e4bd7093","Demo/test operational records","EXCLUDE","","","Simulation, verification, demonstration delivery/history or usage state; not required legitimate live configuration."
"white_label_requests","id","2a0dd213-bc19-4881-80af-5d80a487bcee","Demo/test operational records","EXCLUDE","","","Simulation, verification, demonstration delivery/history or usage state; not required legitimate live configuration."
