key,visible,name,description,icon,starting_price,setup_fee,currency,billing_period,status,cta_label,display_order
crypto_exchange,true,"White Label Exchange — Swap / Convert / Buy & Sell","Your brand at the center of the exchange experience. Configure swap, convert, buy and sell journeys on the shared White Label Core. Currently a non-executing sandbox.",exchange,,,USD,on_request,available,Learn More,10
crypto_payments,true,Crypto Payment Gateway,"Bring branded crypto payment experiences into your ecosystem. Merchant checkout and payment infrastructure are planned; payment processing is not implemented.",payments,,,USD,on_request,coming_soon,Learn More,20
crypto_engine,true,Crypto Engine,"A planned orchestration layer connecting your crypto products through one modular platform. Financial execution and provider integrations are not implemented.",engine,,,USD,on_request,coming_soon,Learn More,30
ios_app,true,iOS App,"Extend your brand to a native iOS experience connected to the same White Label platform. Mobile application development is planned, not available today.",ios,,,USD,on_request,coming_soon,Learn More,40
android_app,true,Android App,"Bring your ecosystem to Android with a branded mobile experience and shared platform configuration. Mobile application development is planned.",android,,,USD,on_request,coming_soon,Learn More,50
crypto_card,true,Crypto Card,"A planned branded card offering within your wider crypto ecosystem. Card issuance, spending and provider integrations are not implemented.",card,,,USD,on_request,coming_soon,Learn More,60
staking,true,Staking API,"A planned staking interface for future integration into your branded products. No staking engine, rewards or blockchain execution is connected.",staking,,,USD,on_request,coming_soon,Learn More,70
earn,true,Earn API,"A planned API layer for future earning products in your ecosystem. Yield generation, balances and financial execution are not implemented.",earn,,,USD,on_request,coming_soon,Learn More,80
dex,true,DEX,"A planned decentralized exchange experience under your brand. Smart contracts, liquidity routing and trade execution are not implemented.",dex,,,USD,on_request,coming_soon,Learn More,90
articles,true,Articles / Content,"A planned publishing product for branded articles, education and ecosystem updates. The editorial CMS is not implemented yet.",content,,,USD,on_request,coming_soon,Learn More,100
telegram_bot,true,Telegram Bot,"A planned conversational entry point for your branded ecosystem on Telegram. Bot delivery and financial actions are not implemented.",telegram,,,USD,on_request,coming_soon,Learn More,110
telegram_mini_app,true,Telegram Mini App,"A planned compact branded experience inside Telegram, connected to the shared platform. Mini App development and integration are deferred.",miniapp,,,USD,on_request,coming_soon,Learn More,120
whatsapp_bot,true,WhatsApp Bot,"A planned messaging channel for your branded customer experience. WhatsApp delivery and provider integrations are not implemented.",whatsapp,,,USD,on_request,coming_soon,Learn More,130
rpc_nodes,true,RPC / Nodes,"A planned infrastructure offering for blockchain connectivity. No node hosting, RPC endpoints or live blockchain services are provided today.",nodes,,,USD,on_request,coming_soon,Learn More,140
cloud_mining,true,Cloud Mining,"A planned mining product in the modular ecosystem. Mining execution, contracts and returns are not implemented or offered.",mining,,,USD,on_request,coming_soon,Learn More,150
