source,line,access_boundary,query
"artifacts/api-server/src/lib/audit.ts","8","request service or route","INSERT INTO audit_events (tenant_id,actor_id,event_type,description,metadata) VALUES ($1,$2,$3,$4,$5::jsonb)"
"artifacts/api-server/src/modules/authentication/service.ts","17","request service or route","SELECT clerk_user_id FROM platform_admins WHERE clerk_user_id = $1 AND active = true"
"artifacts/api-server/src/modules/customer/order-catalog.ts","21","request service or route","SELECT id FROM plans WHERE status='enabled' ORDER BY display_order,name,id"
"artifacts/api-server/src/modules/customer/order-catalog.ts","25","request service or route","SELECT id FROM addons WHERE enabled ORDER BY name,id"
"artifacts/api-server/src/modules/customer/order-files.ts","53","request service or route","SELECT pg_advisory_xact_lock(hashtextextended($1,0))"
"artifacts/api-server/src/modules/customer/order-files.ts","54","request service or route","SELECT count(*)::int AS n FROM white_label_attachments WHERE owner_user_id=$1 AND created_at>now()-interval '1 day'"
"artifacts/api-server/src/modules/customer/order-files.ts","61","request service or route","INSERT INTO white_label_attachments (id,owner_user_id,object_key,file_name,content_type,size,category) VALUES ($1,$2,$3,$4,$5,$6,$7) RETURNING ${attachmentColumns}"
"artifacts/api-server/src/modules/customer/order-files.ts","71","request service or route","SELECT object_key,file_name,content_type FROM white_label_attachments WHERE id=$1 AND (owner_user_id=$2 OR ($3 AND request_id IS NOT NULL))"
"artifacts/api-server/src/modules/customer/order-files.ts","77","request service or route","SELECT object_key FROM white_label_attachments WHERE owner_user_id=ANY($1::text[])"
"artifacts/api-server/src/modules/customer/order-model.ts","37","request service or route","SELECT ${attachmentColumns} FROM white_label_attachments WHERE request_id=$1 ORDER BY created_at,id"
"artifacts/api-server/src/modules/customer/order-model.ts","50","request service or route","INSERT INTO white_label_events (request_id,kind,author_user_id,visibility,message,status) VALUES ($1,$2,$3,$4,$5,$6) RETURNING ${eventColumns}"
"artifacts/api-server/src/modules/customer/service.ts","19","request service or route","SELECT t.id AS ""tenantId"",t.name,coalesce(b.brand_name,t.name) AS ""brandName"",t.slug,t.status FROM tenants t LEFT JOIN tenant_branding b ON b.tenant_id=t.id WHERE t.id=$1 AND 'exchange_provisioned'=ANY(t.completed_steps) AND t.status IN ('active','suspended')"
"artifacts/api-server/src/modules/customer/service.ts","28","request service or route","SELECT id FROM tenants WHERE id=$1 AND 'exchange_provisioned'=ANY(completed_steps) AND status IN ('active','suspended')"
"artifacts/api-server/src/modules/customer/service.ts","35","request service or route","SELECT ${columns} FROM white_label_requests ${operator ? """" : ""WHERE customer_user_id=$1""} ORDER BY created_at DESC"
"artifacts/api-server/src/modules/customer/service.ts","48","request service or route","SELECT pg_advisory_xact_lock(hashtextextended($1,0))"
"artifacts/api-server/src/modules/customer/service.ts","50","request service or route","SELECT ${columns} FROM white_label_requests WHERE customer_user_id=$1 AND idempotency_key=$2"
"artifacts/api-server/src/modules/customer/service.ts","68","request service or route","SELECT id,size,category FROM white_label_attachments WHERE id=ANY($1::uuid[]) AND owner_user_id=$2 AND request_id IS NULL FOR UPDATE"
"artifacts/api-server/src/modules/customer/service.ts","77","request service or route","INSERT INTO white_label_requests (customer_user_id,idempotency_key,configuration) VALUES ($1,$2,$3) ON CONFLICT (customer_user_id,idempotency_key) DO NOTHING RETURNING ${columns}"
"artifacts/api-server/src/modules/customer/service.ts","79","request service or route","SELECT ${columns} FROM white_label_requests WHERE customer_user_id=$1 AND idempotency_key=$2"
"artifacts/api-server/src/modules/customer/service.ts","82","request service or route","UPDATE white_label_attachments SET request_id=$1 WHERE id=ANY($2::uuid[]) AND owner_user_id=$3 AND request_id IS NULL"
"artifacts/api-server/src/modules/customer/service.ts","92","request service or route","SELECT ${columns} FROM white_label_requests WHERE id=$1 FOR UPDATE"
"artifacts/api-server/src/modules/customer/service.ts","106","request service or route","UPDATE white_label_requests SET status=$2,monthly_price=$3,setup_price=$4,currency=$5, customization_price=$6,custom_design_decision=$7,approved_configuration=$8,updated_at=now() WHERE id=$1 RETURNING ${columns}"
"artifacts/api-server/src/modules/customer/service.ts","115","request service or route","UPDATE white_label_requests SET operator_note=$2 WHERE id=$1"
"artifacts/api-server/src/modules/customer/service.ts","125","request service or route","SELECT ${columns} FROM white_label_requests WHERE id=$1 FOR UPDATE"
"artifacts/api-server/src/modules/customer/service.ts","131","request service or route","SELECT id,status,completed_steps FROM tenants WHERE id=$1 FOR UPDATE"
"artifacts/api-server/src/modules/customer/service.ts","138","request service or route","SELECT ta.addon_id FROM tenant_addons ta JOIN addons a ON a.id=ta.addon_id AND a.enabled WHERE ta.tenant_id=$1"
"artifacts/api-server/src/modules/customer/service.ts","140","request service or route","SELECT configuration FROM tenant_product_configuration WHERE tenant_id=$1 AND module_key='crypto_exchange'"
"artifacts/api-server/src/modules/customer/service.ts","147","request service or route","SELECT clerk_user_id FROM tenant_memberships WHERE tenant_id=$1 AND role='client_admin' AND active AND clerk_user_id<>$2"
"artifacts/api-server/src/modules/customer/service.ts","149","request service or route","SELECT id FROM white_label_requests WHERE tenant_id=$1"
"artifacts/api-server/src/modules/customer/service.ts","151","request service or route","INSERT INTO tenant_memberships (tenant_id,clerk_user_id,role,label,active) VALUES ($1,$2,'client_admin','Customer account owner',true) ON CONFLICT (tenant_id,clerk_user_id) DO UPDATE SET role='client_admin',active=true"
"artifacts/api-server/src/modules/customer/service.ts","152","request service or route","UPDATE white_label_requests SET status='delivered',tenant_id=$2,updated_at=now() WHERE id=$1 RETURNING ${columns}"
"artifacts/api-server/src/modules/customer/service.ts","162","request service or route","SELECT ${columns} FROM white_label_requests WHERE id=$1 ${operator ? """" : ""AND customer_user_id=$2""}"
"artifacts/api-server/src/modules/customer/service.ts","164","request service or route","SELECT ${eventColumns} FROM white_label_events WHERE request_id=$1 ${operator ? """" : ""AND visibility='customer'""} ORDER BY created_at,id"
"artifacts/api-server/src/modules/customer/service.ts","173","request service or route","SELECT id FROM white_label_requests WHERE id=$1 FOR UPDATE"
"artifacts/api-server/src/modules/customer/service.ts","176","request service or route","UPDATE white_label_requests SET operator_note=$2,updated_at=now() WHERE id=$1"
"artifacts/api-server/src/modules/domains/service.ts","13","request service or route","SELECT domain,status,verification_token FROM tenant_domains WHERE tenant_id=$1"
"artifacts/api-server/src/modules/domains/service.ts","28","request service or route","UPDATE tenant_domains SET status='verified',verified_at=now() WHERE tenant_id=$1 AND domain=$2 AND verification_token=$3 RETURNING domain"
"artifacts/api-server/src/modules/domains/service.ts","37","request service or route","SELECT t.slug FROM tenants t JOIN tenant_domains d ON d.tenant_id=t.id WHERE d.domain=$1 AND d.status='verified' AND t.status='active'"
"artifacts/api-server/src/modules/entitlements/catalog.ts","16","request service or route","exclusive ? ""SELECT pg_advisory_xact_lock(hashtextextended($1,0))"" : ""SELECT pg_advisory_xact_lock_shared(hashte"
"artifacts/api-server/src/modules/entitlements/catalog.ts","22","request service or route","SELECT key,label,kind,value_type AS \"
"artifacts/api-server/src/modules/entitlements/catalog.ts","42","request service or route","SELECT * FROM plans WHERE id=$1"
"artifacts/api-server/src/modules/entitlements/catalog.ts","45","request service or route","SELECT key,value FROM plan_entitlements WHERE plan_id=$1 ORDER BY key"
"artifacts/api-server/src/modules/entitlements/catalog.ts","56","request service or route","SELECT * FROM addons WHERE id=$1"
"artifacts/api-server/src/modules/entitlements/catalog.ts","59","request service or route","SELECT key,value FROM addon_entitlements WHERE addon_id=$1 ORDER BY key"
"artifacts/api-server/src/modules/entitlements/catalog.ts","71","request service or route","SELECT id FROM plans ORDER BY display_order,name,id"
"artifacts/api-server/src/modules/entitlements/catalog.ts","82","request service or route","SELECT id FROM addons ORDER BY name,id"
"artifacts/api-server/src/modules/entitlements/catalog.ts","91","request service or route","UPDATE plans SET name=$1,description=$2,monthly_price=$3,yearly_price=$4,setup_fee=$5,currency=$6,billing_label=$7,display_order=$8,status=$9,updated_at=now() WHERE id=$10 RETURNING id"
"artifacts/api-server/src/modules/entitlements/catalog.ts","92","request service or route","INSERT INTO plans (name,description,monthly_price,yearly_price,setup_fee,currency,billing_label,display_order,status) VALUES ($1,$2,$3,$4,$5,$6,$7,$8,$9) RETURNING id"
"artifacts/api-server/src/modules/entitlements/catalog.ts","94","request service or route","DELETE FROM plan_entitlements WHERE plan_id=$1"
"artifacts/api-server/src/modules/entitlements/catalog.ts","95","request service or route","INSERT INTO plan_entitlements (plan_id,key,value) VALUES ($1,$2,$3::jsonb)"
"artifacts/api-server/src/modules/entitlements/catalog.ts","101","request service or route","SELECT id FROM plans WHERE id=$1 FOR UPDATE"
"artifacts/api-server/src/modules/entitlements/catalog.ts","121","request service or route","SELECT id FROM plans WHERE id=$1 FOR UPDATE"
"artifacts/api-server/src/modules/entitlements/catalog.ts","123","request service or route","UPDATE plans SET status=$2,updated_at=now() WHERE id=$1"
"artifacts/api-server/src/modules/entitlements/catalog.ts","133","request service or route","SELECT id FROM addons WHERE id=$1 FOR UPDATE"
"artifacts/api-server/src/modules/entitlements/catalog.ts","138","request service or route","UPDATE addons SET name=$1,description=$2,enabled=$3 WHERE id=$4 RETURNING id"
"artifacts/api-server/src/modules/entitlements/catalog.ts","139","request service or route","INSERT INTO addons (name,description,enabled) VALUES ($1,$2,$3) RETURNING id"
"artifacts/api-server/src/modules/entitlements/catalog.ts","140","request service or route","UPDATE addons SET monthly_price=$2,yearly_price=$3,setup_fee=$4,currency=$5 WHERE id=$1"
"artifacts/api-server/src/modules/entitlements/catalog.ts","144","request service or route","UPDATE addons SET pricing_configured=true WHERE id=$1"
"artifacts/api-server/src/modules/entitlements/catalog.ts","146","request service or route","DELETE FROM addon_entitlements WHERE addon_id=$1"
"artifacts/api-server/src/modules/entitlements/catalog.ts","147","request service or route","INSERT INTO addon_entitlements (addon_id,key,value) VALUES ($1,$2,$3::jsonb)"
"artifacts/api-server/src/modules/entitlements/resolver.ts","10","request service or route","SELECT id FROM tenants WHERE id=$1 FOR UPDATE"
"artifacts/api-server/src/modules/entitlements/resolver.ts","15","request service or route","SELECT status FROM tenants WHERE id=$1"
"artifacts/api-server/src/modules/entitlements/resolver.ts","17","request service or route","SELECT plan_id,status FROM tenant_subscriptions WHERE tenant_id=$1"
"artifacts/api-server/src/modules/entitlements/resolver.ts","19","request service or route","SELECT addon_id FROM tenant_addons WHERE tenant_id=$1 ORDER BY addon_id"
"artifacts/api-server/src/modules/entitlements/resolver.ts","21","request service or route","SELECT key,value,reason FROM tenant_entitlement_overrides WHERE tenant_id=$1 ORDER BY key"
"artifacts/api-server/src/modules/entitlements/resolver.ts","53","request service or route","SELECT (SELECT count(DISTINCT c.asset_id) FROM tenant_asset_networks t JOIN asset_network_catalog c ON c.id=t.asset_network_id WHERE t.tenant_id=$1)::text AS max_supported_assets, (SELECT count(DISTINCT c.network_id) FROM tenant_asset_networks t JOIN asset_network_catalog c ON c.id=t.asset_network_id WHERE t.tenant_id=$1)::text AS max_supported_networks, (SELECT count(*) FROM tenant_memberships WHERE tenant_id=$1 AND role='staff' AND active=true)::text AS max_staff, (SELECT count(*) FROM api_keys WHERE tenant_id=$1 AND revoked_at IS NULL)::text AS max_api_keys, (SELECT count(*) FROM webhook_endpoints WHERE tenant_id=$1)::text AS max_webhooks, (SELECT count(*) FROM tenant_payment_methods WHERE tenant_id=$1)::text AS max_payment_methods"
"artifacts/api-server/src/modules/entitlements/resolver.ts","62","request service or route","SELECT key,used::text FROM tenant_usage_counters WHERE tenant_id=$1 AND period=$2"
"artifacts/api-server/src/modules/entitlements/resolver.ts","110","request service or route","INSERT INTO tenant_usage_counters (tenant_id,key,period,used) VALUES ($1,$2,$3,$4) ON CONFLICT (tenant_id,key,period) DO UPDATE SET used=EXCLUDED.used"
"artifacts/api-server/src/modules/entitlements/resolver.ts","128","request service or route","INSERT INTO tenant_usage_counters (tenant_id,key,period,used) VALUES ($1,$2,$3,$4) ON CONFLICT (tenant_id,key,period) DO UPDATE SET used=EXCLUDED.used"
"artifacts/api-server/src/modules/entitlements/resources.ts","23","request service or route","SELECT clerk_user_id AS id,COALESCE(NULLIF(label,''),clerk_user_id) AS label,clerk_user_id AS reference,'active' AS status,permissions FROM tenant_memberships WHERE tenant_id=$1 AND role='staff' AND active=true ORDER BY created_at"
"artifacts/api-server/src/modules/entitlements/resources.ts","24","request service or route","SELECT id,label,NULL::text AS reference,CASE WHEN revoked_at IS NULL THEN 'sandbox · no execution scopes' ELSE 'revoked' END AS status FROM api_keys WHERE tenant_id=$1 ORDER BY label,id"
"artifacts/api-server/src/modules/entitlements/resources.ts","25","request service or route","SELECT id,label,url AS reference,'configured · delivery deferred' AS status FROM webhook_endpoints WHERE tenant_id=$1 ORDER BY label,id"
"artifacts/api-server/src/modules/entitlements/resources.ts","26","request service or route","SELECT id,label,NULL::text AS reference,'sandbox configuration only' AS status FROM tenant_payment_methods WHERE tenant_id=$1 ORDER BY label,id"
"artifacts/api-server/src/modules/entitlements/resources.ts","51","request service or route","SELECT role,active FROM tenant_memberships WHERE tenant_id=$1 AND clerk_user_id=$2"
"artifacts/api-server/src/modules/entitlements/resources.ts","53","request service or route","INSERT INTO tenant_memberships (tenant_id,clerk_user_id,role,label) VALUES ($1,$2,'staff',$3) ON CONFLICT (tenant_id,clerk_user_id) DO UPDATE SET active=true,label=EXCLUDED.label,permissions='{}'"
"artifacts/api-server/src/modules/entitlements/resources.ts","63","request service or route","INSERT INTO api_keys (tenant_id,label,key_hash) VALUES ($1,$2,$3) RETURNING id"
"artifacts/api-server/src/modules/entitlements/resources.ts","70","request service or route","INSERT INTO webhook_endpoints (tenant_id,label,url,enabled) VALUES ($1,$2,$3,false) RETURNING id"
"artifacts/api-server/src/modules/entitlements/resources.ts","76","request service or route","INSERT INTO tenant_payment_methods (tenant_id,label) VALUES ($1,$2) RETURNING id"
"artifacts/api-server/src/modules/entitlements/resources.ts","97","request service or route","UPDATE tenant_memberships SET active=false WHERE tenant_id=$1 AND clerk_user_id=$2 AND role='staff' AND active=true RETURNING clerk_user_id"
"artifacts/api-server/src/modules/entitlements/resources.ts","98","request service or route","UPDATE api_keys SET revoked_at=now() WHERE tenant_id=$1 AND id=$2 AND revoked_at IS NULL RETURNING id"
"artifacts/api-server/src/modules/entitlements/resources.ts","99","request service or route","DELETE FROM webhook_endpoints WHERE tenant_id=$1 AND id=$2 RETURNING id"
"artifacts/api-server/src/modules/entitlements/resources.ts","100","request service or route","DELETE FROM tenant_payment_methods WHERE tenant_id=$1 AND id=$2 RETURNING id"
"artifacts/api-server/src/modules/entitlements/resources.ts","118","request service or route","UPDATE tenant_memberships SET permissions=$3 WHERE tenant_id=$1 AND clerk_user_id=$2 AND role='staff' AND active=true RETURNING clerk_user_id"
"artifacts/api-server/src/modules/entitlements/subscriptions.ts","17","request service or route","INSERT INTO tenant_subscriptions (tenant_id,plan_id,status) VALUES ($1,$2,$3) ON CONFLICT (tenant_id) DO UPDATE SET plan_id=EXCLUDED.plan_id,updated_at=now()"
"artifacts/api-server/src/modules/entitlements/subscriptions.ts","21","request service or route","UPDATE tenants SET completed_steps=ARRAY(SELECT DISTINCT unnest(completed_steps || ARRAY['modules']::text[])),updated_at=now() WHERE id=$1"
"artifacts/api-server/src/modules/entitlements/subscriptions.ts","38","request service or route","DELETE FROM tenant_addons WHERE tenant_id=$1"
"artifacts/api-server/src/modules/entitlements/subscriptions.ts","39","request service or route","INSERT INTO tenant_addons (tenant_id,addon_id) VALUES ($1,$2)"
"artifacts/api-server/src/modules/entitlements/subscriptions.ts","53","request service or route","DELETE FROM tenant_entitlement_overrides WHERE tenant_id=$1"
"artifacts/api-server/src/modules/entitlements/subscriptions.ts","54","request service or route","INSERT INTO tenant_entitlement_overrides (tenant_id,key,value,reason) VALUES ($1,$2,$3::jsonb,$4)"
"artifacts/api-server/src/modules/entitlements/subscriptions.ts","70","request service or route","UPDATE tenant_subscriptions SET resume_status=$2,status='suspended',updated_at=now() WHERE tenant_id=$1"
"artifacts/api-server/src/modules/entitlements/subscriptions.ts","71","request service or route","UPDATE tenants SET status='suspended',updated_at=now() WHERE id=$1"
"artifacts/api-server/src/modules/entitlements/subscriptions.ts","73","request service or route","SELECT resume_status FROM tenant_subscriptions WHERE tenant_id=$1"
"artifacts/api-server/src/modules/entitlements/subscriptions.ts","74","request service or route","UPDATE tenants SET status=$2,updated_at=now() WHERE id=$1"
"artifacts/api-server/src/modules/entitlements/subscriptions.ts","75","request service or route","UPDATE tenant_subscriptions SET status='active',updated_at=now() WHERE tenant_id=$1"
"artifacts/api-server/src/modules/landing-catalog/service.ts","17","request service or route","SELECT ${projection} FROM landing_products WHERE visible=true ORDER BY display_order,key"
"artifacts/api-server/src/modules/landing-catalog/service.ts","22","request service or route","SELECT ${projection} FROM landing_products ORDER BY display_order,key"
"artifacts/api-server/src/modules/landing-catalog/service.ts","25","request service or route","SELECT ${projection} FROM landing_products WHERE key=$1"
"artifacts/api-server/src/modules/landing-catalog/service.ts","37","request service or route","SELECT key FROM landing_products WHERE key=$1 FOR UPDATE"
"artifacts/api-server/src/modules/landing-catalog/service.ts","39","request service or route","UPDATE landing_products SET visible=$2,name=$3,description=$4,icon=$5, starting_price=$6,setup_fee=$7,currency=$8,billing_period=$9,status=$10, cta_label=$11,display_order=$12 WHERE key=$1"
"artifacts/api-server/src/modules/product-registry/configuration.ts","31","request service or route","INSERT INTO tenant_product_configuration (tenant_id,module_key,configuration) VALUES ($1,$2,$3) ON CONFLICT (tenant_id,module_key) DO UPDATE SET configuration=EXCLUDED.configuration,updated_at=now()"
"artifacts/api-server/src/modules/product-registry/configuration.ts","35","request service or route","SELECT configuration FROM tenant_product_configuration WHERE tenant_id=$1 AND module_key=$2"
"artifacts/api-server/src/modules/product-registry/service.ts","10","request service or route","SELECT key,name,description,category,sandbox_available,definition FROM module_catalog ORDER BY key"
"artifacts/api-server/src/modules/product-registry/service.ts","38","request service or route","SELECT pg_advisory_xact_lock(hashtextextended('product-registry',0))"
"artifacts/api-server/src/modules/product-registry/service.ts","41","request service or route","SELECT key,kind FROM entitlement_definitions"
"artifacts/api-server/src/modules/product-registry/service.ts","60","request service or route","INSERT INTO module_catalog (key,name,description,category,sandbox_available,definition) VALUES ($1,$2,$3,$4,$5,$6)"
"artifacts/api-server/src/modules/product-registry/service.ts","62","request service or route","INSERT INTO entitlement_definitions (key,label,kind,value_type) VALUES ($1,$2,'feature','boolean')"
"artifacts/api-server/src/modules/product-registry/service.ts","64","request service or route","INSERT INTO entitlement_definitions (key,label,kind,value_type) VALUES ($1,$2,'limit',$3)"
"artifacts/api-server/src/modules/tenants/administrators.ts","9","request service or route","SELECT clerk_user_id AS id,label,clerk_user_id AS reference,CASE WHEN active THEN 'active' ELSE 'inactive' END AS status FROM tenant_memberships WHERE tenant_id=$1 AND role='client_admin' ORDER BY created_at"
"artifacts/api-server/src/modules/tenants/administrators.ts","17","request service or route","INSERT INTO tenant_memberships (tenant_id,clerk_user_id,role,label) VALUES ($1,$2,'client_admin',$3) ON CONFLICT (tenant_id,clerk_user_id) DO UPDATE SET role='client_admin',active=true,label=EXCLUDED.label,permissions='{}'"
"artifacts/api-server/src/modules/tenants/administrators.ts","27","request service or route","UPDATE tenant_memberships SET active=$3 WHERE tenant_id=$1 AND clerk_user_id=$2 AND role='client_admin' RETURNING clerk_user_id"
"artifacts/api-server/src/modules/tenants/service.ts","22","request service or route","SELECT t.*, b.brand_name, b.logo_url, b.primary_color, b.accent_color, b.theme_mode, b.default_language, b.supported_languages, b.website_settings, d.domain, c.exchange_enabled, c.payments_enabled, c.allow_guest_checkout FROM tenants t JOIN tenant_branding b ON b.tenant_id = t.id JOIN tenant_configuration c ON c.tenant_id = t.id LEFT JOIN tenant_domains d ON d.tenant_id = t.id WHERE t.id = $1"
"artifacts/api-server/src/modules/tenants/service.ts","33","request service or route","SELECT asset_network_id FROM tenant_asset_networks WHERE tenant_id = $1 ORDER BY asset_network_id"
"artifacts/api-server/src/modules/tenants/service.ts","62","request service or route","SELECT id FROM tenants ORDER BY created_at DESC"
"artifacts/api-server/src/modules/tenants/service.ts","76","request service or route","INSERT INTO tenants (name,slug) VALUES ($1,$2) RETURNING id"
"artifacts/api-server/src/modules/tenants/service.ts","78","request service or route","INSERT INTO tenant_branding (tenant_id,brand_name) VALUES ($1,$2)"
"artifacts/api-server/src/modules/tenants/service.ts","79","request service or route","INSERT INTO tenant_configuration (tenant_id) VALUES ($1)"
"artifacts/api-server/src/modules/tenants/service.ts","80","request service or route","INSERT INTO tenant_subscriptions (tenant_id,plan_id) VALUES ($1,$2)"
"artifacts/api-server/src/modules/tenants/service.ts","81","request service or route","UPDATE tenants SET completed_steps=ARRAY['modules']::text[] WHERE id=$1"
"artifacts/api-server/src/modules/tenants/service.ts","89","request service or route","SELECT id FROM tenants WHERE id = $1 FOR UPDATE"
"artifacts/api-server/src/modules/tenants/service.ts","93","request service or route","UPDATE tenants SET completed_steps = ARRAY(SELECT DISTINCT unnest(completed_steps || $2::text[])), updated_at = now() WHERE id = $1"
"artifacts/api-server/src/modules/tenants/service.ts","108","request service or route","UPDATE tenant_branding SET brand_name=$2,logo_url=$3,primary_color=$4,accent_color=$5, theme_mode=$6,default_language=$7,supported_languages=$8 WHERE tenant_id=$1"
"artifacts/api-server/src/modules/tenants/service.ts","125","request service or route","INSERT INTO tenant_domains (tenant_id,domain,verification_token) VALUES ($1,$2,$3) ON CONFLICT (tenant_id) DO UPDATE SET domain=EXCLUDED.domain,status=CASE WHEN tenant_domains.domain=EXCLUDED.domain THEN tenant_domains.status ELSE 'unverified' END,verified_at=CASE WHEN tenant_domains.domain=EXCLUDED.domain THEN tenant_domains.verified_at ELSE NULL END,verification_token=CASE WHEN tenant_domains.domain=EXCLUDED.domain THEN tenant_domains.verification_token ELSE EXCLUDED.verification_token END"
"artifacts/api-server/src/modules/tenants/service.ts","126","request service or route","DELETE FROM tenant_domains WHERE tenant_id=$1"
"artifacts/api-server/src/modules/tenants/service.ts","139","request service or route","SELECT id,asset_id,network_id FROM asset_network_catalog WHERE id = ANY($1::text[])"
"artifacts/api-server/src/modules/tenants/service.ts","143","request service or route","DELETE FROM tenant_asset_networks WHERE tenant_id=$1"
"artifacts/api-server/src/modules/tenants/service.ts","144","request service or route","INSERT INTO tenant_asset_networks (tenant_id,asset_network_id) VALUES ($1,$2)"
"artifacts/api-server/src/modules/tenants/service.ts","153","request service or route","UPDATE tenant_configuration SET environment='sandbox',payments_enabled=$2,allow_guest_checkout=$3 WHERE tenant_id=$1"
"artifacts/api-server/src/modules/tenants/service.ts","160","request service or route","SELECT id FROM tenants WHERE id = $1 FOR UPDATE"
"artifacts/api-server/src/modules/tenants/service.ts","166","request service or route","SELECT configuration FROM tenant_product_configuration WHERE tenant_id=$1 AND module_key='crypto_exchange'"
"artifacts/api-server/src/modules/tenants/service.ts","176","request service or route","UPDATE tenants SET status='active',updated_at=now(), completed_steps=CASE WHEN $2 AND NOT 'exchange_provisioned'=ANY(completed_steps) THEN array_append(completed_steps,'exchange_provisioned') ELSE completed_steps END WHERE id=$1"
"artifacts/api-server/src/modules/tenants/service.ts","190","request service or route","UPDATE tenant_branding SET website_settings=COALESCE(website_settings,'{}'::jsonb) || $2::jsonb WHERE tenant_id=$1"
"artifacts/api-server/src/modules/website/service.ts","9","request service or route","SELECT id FROM tenants WHERE slug=$1 AND status='active'"
"artifacts/api-server/src/modules/website/service.ts","24","request service or route","SELECT c.asset_id AS ""assetId"",a.symbol,a.name,c.network_id AS ""networkId"",n.name AS ""networkName"",n.testnet FROM tenant_asset_networks t JOIN asset_network_catalog c ON c.id=t.asset_network_id JOIN asset_catalog a ON a.id=c.asset_id JOIN network_catalog n ON n.id=c.network_id WHERE t.tenant_id=$1 ORDER BY a.symbol,n.name"
"artifacts/api-server/src/products/exchange/compatibility.ts","10","request service or route","UPDATE tenant_configuration SET exchange_enabled=$2 WHERE tenant_id=$1"
"artifacts/api-server/src/products/exchange/service.ts","54","request service or route","SELECT id,label FROM tenant_payment_methods WHERE tenant_id=$1"
"artifacts/api-server/src/products/exchange/service.ts","59","request service or route","INSERT INTO tenant_payment_methods (id,tenant_id,label) VALUES ($1,$2,$3) ON CONFLICT (id) DO UPDATE SET label=EXCLUDED.label WHERE tenant_payment_methods.tenant_id=EXCLUDED.tenant_id"
"artifacts/api-server/src/products/exchange/service.ts","63","request service or route","DELETE FROM tenant_payment_methods WHERE tenant_id=$1 AND id=ANY($2::uuid[])"
"artifacts/api-server/src/products/exchange/service.ts","67","request service or route","INSERT INTO pricing_rules (id,tenant_id,name,fee_bps) VALUES ($1,$2,$3,$4) ON CONFLICT (id) DO UPDATE SET name=EXCLUDED.name,fee_bps=EXCLUDED.fee_bps WHERE pricing_rules.tenant_id=EXCLUDED.tenant_id"
"artifacts/api-server/src/products/exchange/service.ts","72","request service or route","INSERT INTO tenant_product_configuration (tenant_id,module_key,configuration) VALUES ($1,'crypto_exchange',$2) ON CONFLICT (tenant_id,module_key) DO UPDATE SET configuration=EXCLUDED.configuration,updated_at=now()"
"artifacts/api-server/src/products/exchange/service.ts","73","request service or route","UPDATE tenant_configuration SET exchange_enabled=$2 WHERE tenant_id=$1"
"artifacts/api-server/src/products/exchange/service.ts","74","request service or route","UPDATE tenants SET completed_steps=CASE WHEN 'configuration'=ANY(completed_steps) THEN completed_steps ELSE array_append(completed_steps,'configuration') END,updated_at=now() WHERE id=$1"
"artifacts/api-server/src/products/exchange/service.ts","82","request service or route","SELECT exchange_enabled FROM tenant_configuration WHERE tenant_id=$1"
"artifacts/api-server/src/products/exchange/service.ts","91","request service or route","SELECT exchange_enabled FROM tenant_configuration WHERE tenant_id=$1"
"artifacts/api-server/src/products/exchange/service.ts","112","request service or route","SELECT exchange_enabled FROM tenant_configuration WHERE tenant_id=$1"
"artifacts/api-server/src/products/exchange/service.ts","114","request service or route","SELECT configuration->>'referenceCurrency' AS currency FROM tenant_product_configuration WHERE tenant_id=$1 AND module_key='crypto_exchange'"
"artifacts/api-server/src/products/exchange/service.ts","186","request service or route","UPDATE exchange_orders SET status=$3,request=$4 WHERE tenant_id=$1 AND id=$2"
"artifacts/api-server/src/products/exchange/service.ts","198","request service or route","SELECT count(*)::int AS total FROM exchange_orders WHERE ${filter}"
"artifacts/api-server/src/products/exchange/service.ts","207","request service or route","SELECT status,count(*)::int AS count FROM exchange_orders WHERE tenant_id=$1 AND request->>'product'='crypto_exchange' GROUP BY status"
"artifacts/api-server/src/products/exchange/service.ts","210","request service or route","SELECT request->>'sourceSymbol' AS symbol,sum((request->>'inputAmount')::numeric)::text AS amount FROM exchange_orders WHERE tenant_id=$1 AND request->>'product'='crypto_exchange' AND status NOT IN ('cancelled','failed') GROUP BY request->>'sourceSymbol'"
"artifacts/api-server/src/products/exchange/service.ts","213","request service or route","SELECT exchange_enabled FROM tenant_configuration WHERE tenant_id=$1"
"artifacts/api-server/src/products/exchange/service.ts","222","request service or route","SELECT count(*)::int AS n FROM audit_events WHERE tenant_id=$1"
"artifacts/api-server/src/products/exchange/service.ts","223","request service or route","SELECT id,tenant_id AS ""tenantId"",event_type AS ""eventType"",description,actor_id AS ""actorId"",created_at AS ""createdAt"" FROM audit_events WHERE tenant_id=$1 ORDER BY created_at DESC,id DESC LIMIT 50 OFFSET $2"
"artifacts/api-server/src/products/exchange/settings.ts","16","request service or route","SELECT configuration FROM tenant_product_configuration WHERE tenant_id=$1 AND module_key='crypto_exchange'"
"artifacts/api-server/src/products/exchange/settings.ts","19","request service or route","SELECT c.id AS ""assetNetworkId"",c.asset_id AS ""assetId"",a.symbol,a.name,c.network_id AS ""networkId"",n.name AS ""networkName"",n.testnet FROM tenant_asset_networks t JOIN asset_network_catalog c ON c.id=t.asset_network_id JOIN asset_catalog a ON a.id=c.asset_id JOIN network_catalog n ON n.id=c.network_id WHERE t.tenant_id=$1 ORDER BY a.symbol,n.name"
"artifacts/api-server/src/routes/catalog.ts","21","request service or route","SELECT a.id AS asset_id,a.symbol,a.name, n.id AS network_id,n.name AS network_name,n.testnet FROM asset_network_catalog an JOIN asset_catalog a ON an.asset_id=a.id JOIN network_catalog n ON an.network_id=n.id ORDER BY a.symbol,n.name"
"artifacts/api-server/src/routes/platform.ts","13","request service or route","SELECT id,tenant_id,event_type,description,created_at FROM audit_events ${principal.role === ""super_admin"" ? """" : ""WHERE tenant_id=$1""} ORDER BY created_at DESC LIMIT 30"
"lib/db/src/context.ts","27","transaction/session metadata","context.canWrite === true ? ""BEGIN"" : ""BEGIN READ ONLY""); await client.query( `SELECT set_config('app.actor_id"
"lib/db/src/context.ts","28","transaction/session metadata","SELECT set_config('app.actor_id', $1, true), set_config('app.tenant_id', $2, true), set_config('app.is_super_admin', $3, true), set_config('app.can_write', $4, true), set_config('app.public_slug', $5, true), set_config('app.public_domain', $6, true), set_config('app.can_manage_staff', $7, true)"
"lib/db/src/context.ts","39","transaction/session metadata","COMMIT"
"lib/db/src/context.ts","42","transaction/session metadata","ROLLBACK"
"scripts/src/assign-access.ts","10","operator-only CLI","BEGIN"
"scripts/src/assign-access.ts","12","operator-only CLI","INSERT INTO platform_admins (clerk_user_id) VALUES ($1) ON CONFLICT (clerk_user_id) DO UPDATE SET active = true"
"scripts/src/assign-access.ts","21","operator-only CLI","SELECT id FROM tenants WHERE id=$1 FOR UPDATE"
"scripts/src/assign-access.ts","23","operator-only CLI","SELECT role,active FROM tenant_memberships WHERE tenant_id=$1 AND clerk_user_id=$2"
"scripts/src/assign-access.ts","29","operator-only CLI","INSERT INTO tenant_memberships (tenant_id, clerk_user_id, role) VALUES ($1,$2,$3) ON CONFLICT (tenant_id, clerk_user_id) DO UPDATE SET role = EXCLUDED.role, active = true"
"scripts/src/assign-access.ts","34","operator-only CLI","INSERT INTO audit_events (tenant_id, actor_id, event_type, description) VALUES ($1, 'development-operator', 'access.assigned', $2)"
"scripts/src/assign-access.ts","35","operator-only CLI","COMMIT"
"scripts/src/assign-access.ts","38","operator-only CLI","ROLLBACK"
"scripts/src/remove-database-rls.ts","15","operator-only CLI","SELECT count(*)::text AS count, md5(coalesce(string_agg(md5(to_jsonb(t)::text),'' ORDER BY md5(to_jsonb(t)::text)),'')) AS hash FROM public.${identifier(table)} t"
"scripts/src/remove-database-rls.ts","23","operator-only CLI","BEGIN"
"scripts/src/remove-database-rls.ts","24","operator-only CLI","SET LOCAL lock_timeout='10s'"
"scripts/src/remove-database-rls.ts","29","operator-only CLI","LOCK TABLE ${tables.map(t => "
"scripts/src/remove-database-rls.ts","31","operator-only CLI","SELECT oid FROM pg_roles WHERE rolname='private_label_runtime'"
"scripts/src/remove-database-rls.ts","33","operator-only CLI","SELECT 1 FROM pg_shdepend WHERE refobjid=$1 AND deptype='o' LIMIT 1"
"scripts/src/remove-database-rls.ts","40","operator-only CLI","DROP POLICY ${identifier(p.policyname)} ON public.${identifier(table)}"
"scripts/src/remove-database-rls.ts","41","operator-only CLI","ALTER TABLE public.${identifier(table)} NO FORCE ROW LEVEL SECURITY"
"scripts/src/remove-database-rls.ts","42","operator-only CLI","ALTER TABLE public.${identifier(table)} DISABLE ROW LEVEL SECURITY"
"scripts/src/remove-database-rls.ts","46","operator-only CLI","REVOKE ALL PRIVILEGES ON ALL TABLES IN SCHEMA public FROM private_label_runtime"
"scripts/src/remove-database-rls.ts","47","operator-only CLI","REVOKE ALL PRIVILEGES ON ALL SEQUENCES IN SCHEMA public FROM private_label_runtime"
"scripts/src/remove-database-rls.ts","48","operator-only CLI","REVOKE ALL PRIVILEGES ON ALL FUNCTIONS IN SCHEMA public FROM private_label_runtime"
"scripts/src/remove-database-rls.ts","49","operator-only CLI","REVOKE ALL PRIVILEGES ON SCHEMA public FROM private_label_runtime"
"scripts/src/remove-database-rls.ts","50","operator-only CLI","DROP ROLE private_label_runtime"
"scripts/src/remove-database-rls.ts","53","operator-only CLI","COMMIT"
"scripts/src/remove-database-rls.ts","56","operator-only CLI","ROLLBACK"
"scripts/src/seed-catalog.ts","33","operator-only CLI","BEGIN"
"scripts/src/seed-catalog.ts","34","operator-only CLI","INSERT INTO module_catalog (key,name,description,category,sandbox_available,definition) VALUES ($1,$2,$3,$4,$5,$6) ON CONFLICT DO NOTHING"
"scripts/src/seed-catalog.ts","38","operator-only CLI","INSERT INTO entitlement_definitions (key,label,kind,value_type) VALUES ($1,$2,'feature','boolean') ON CONFLICT DO NOTHING"
"scripts/src/seed-catalog.ts","39","operator-only CLI","INSERT INTO asset_catalog (id,symbol,name) VALUES ($1,$2,$3) ON CONFLICT DO NOTHING"
"scripts/src/seed-catalog.ts","40","operator-only CLI","INSERT INTO network_catalog (id,name,testnet) VALUES ($1,$2,true) ON CONFLICT DO NOTHING"
"scripts/src/seed-catalog.ts","41","operator-only CLI","INSERT INTO asset_network_catalog (id,asset_id,network_id) VALUES ($1,$2,$3) ON CONFLICT DO NOTHING"
"scripts/src/seed-catalog.ts","42","operator-only CLI","INSERT INTO entitlement_definitions (key,label,kind,value_type) VALUES ($1,$2,'feature','boolean') ON CONFLICT DO NOTHING"
"scripts/src/seed-catalog.ts","45","operator-only CLI","INSERT INTO entitlement_definitions (key,label,kind,value_type) VALUES ($1,$2,'limit',$3) ON CONFLICT DO NOTHING"
"scripts/src/seed-catalog.ts","48","operator-only CLI","COMMIT"
"scripts/src/seed-catalog.ts","51","operator-only CLI","ROLLBACK"
"scripts/src/upgrade-core.ts","9","operator-only CLI","await readFile(new URL(""../../lib/db/migrations/core-upgrade.sql"", import.meta.url), ""utf8"")); await c.query(""BEGIN"");"
"scripts/src/upgrade-core.ts","10","operator-only CLI","BEGIN"
"scripts/src/upgrade-core.ts","13","operator-only CLI","INSERT INTO module_catalog (key,name,description,category,sandbox_available,definition) VALUES ($1,$2,$3,$4,$5,$6) ON CONFLICT (key) DO UPDATE SET definition=EXCLUDED.definition WHERE module_catalog.definition='{}'::jsonb"
"scripts/src/upgrade-core.ts","14","operator-only CLI","INSERT INTO entitlement_definitions (key,label,kind,value_type) VALUES ($1,$2,'feature','boolean') ON CONFLICT DO NOTHING"
"scripts/src/upgrade-core.ts","16","operator-only CLI","SELECT tenant_id FROM tenant_domains WHERE verification_token IS NULL"
"scripts/src/upgrade-core.ts","17","operator-only CLI","UPDATE tenant_domains SET verification_token=$2 WHERE tenant_id=$1"
"scripts/src/upgrade-core.ts","18","operator-only CLI","COMMIT"
"scripts/src/upgrade-core.ts","20","operator-only CLI","ROLLBACK"
"scripts/src/upgrade-landing-catalog.ts","7","operator-only CLI","BEGIN"
"scripts/src/upgrade-landing-catalog.ts","9","operator-only CLI","await readFile(new URL(`../../lib/db/migrations/${file}`, import.meta.url), ""utf8"")); } await client.query(""COMMIT"")"
"scripts/src/upgrade-landing-catalog.ts","11","operator-only CLI","COMMIT"
"scripts/src/upgrade-landing-catalog.ts","14","operator-only CLI","ROLLBACK"
