method,path,source,line
GET,/api/catalog/products,artifacts/api-server/src/routes/catalog.ts,9
POST,/api/catalog/products,artifacts/api-server/src/routes/catalog.ts,12
GET,/api/modules,artifacts/api-server/src/routes/catalog.ts,15
GET,/api/asset-networks,artifacts/api-server/src/routes/catalog.ts,19
GET,/api/customer/admin-panels,artifacts/api-server/src/routes/customer.ts,14
GET,/api/customer/white-label-catalog,artifacts/api-server/src/routes/customer.ts,15
GET,/api/customer/white-label-requests/:requestId,artifacts/api-server/src/routes/customer.ts,16
GET,/api/operator/white-label-requests/:requestId,artifacts/api-server/src/routes/customer.ts,17
POST,/api/operator/white-label-requests/:requestId/notes,artifacts/api-server/src/routes/customer.ts,18
GET,/api/customer/white-label-requests,artifacts/api-server/src/routes/customer.ts,19
POST,/api/customer/white-label-requests,artifacts/api-server/src/routes/customer.ts,20
GET,/api/operator/white-label-requests,artifacts/api-server/src/routes/customer.ts,21
PUT,/api/operator/white-label-requests/:requestId/review,artifacts/api-server/src/routes/customer.ts,22
POST,/api/operator/white-label-requests/:requestId/provision,artifacts/api-server/src/routes/customer.ts,23
GET,/api/public/sites/:slug/exchange,artifacts/api-server/src/routes/exchange.ts,33
POST,/api/public/sites/:slug/exchange/quotes,artifacts/api-server/src/routes/exchange.ts,34
POST,/api/public/sites/:slug/exchange/orders,artifacts/api-server/src/routes/exchange.ts,35
GET,/api/public/sites/:slug/exchange/orders/:orderId,artifacts/api-server/src/routes/exchange.ts,36
GET,/api/tenants/:tenantId/exchange,artifacts/api-server/src/routes/exchange.ts,41
PUT,/api/tenants/:tenantId/exchange,artifacts/api-server/src/routes/exchange.ts,42
GET,/api/tenants/:tenantId/exchange/dashboard,artifacts/api-server/src/routes/exchange.ts,43
GET,/api/tenants/:tenantId/exchange/audit,artifacts/api-server/src/routes/exchange.ts,44
GET,/api/tenants/:tenantId/exchange/orders,artifacts/api-server/src/routes/exchange.ts,45
GET,/api/tenants/:tenantId/exchange/orders/:orderId,artifacts/api-server/src/routes/exchange.ts,46
PUT,/api/tenants/:tenantId/exchange/orders/:orderId,artifacts/api-server/src/routes/exchange.ts,50
GET,/api/healthz,artifacts/api-server/src/routes/health.ts,6
GET,/api/public/product-catalog,artifacts/api-server/src/routes/landing-catalog.ts,7
GET,/api/landing-products,artifacts/api-server/src/routes/landing-catalog.ts,11
PUT,/api/landing-products/:productKey,artifacts/api-server/src/routes/landing-catalog.ts,15
POST,/api/customer/order-attachments,artifacts/api-server/src/routes/order-files.ts,14
GET,/api/customer/order-attachments/:id/content,artifacts/api-server/src/routes/order-files.ts,19
GET,/api/entitlement-definitions,artifacts/api-server/src/routes/plans.ts,12
GET,/api/plans,artifacts/api-server/src/routes/plans.ts,13
POST,/api/plans,artifacts/api-server/src/routes/plans.ts,14
GET,/api/plans/:planId,artifacts/api-server/src/routes/plans.ts,15
PUT,/api/plans/:planId,artifacts/api-server/src/routes/plans.ts,19
POST,/api/plans/:planId/duplicate,artifacts/api-server/src/routes/plans.ts,23
PUT,/api/plans/:planId/status,artifacts/api-server/src/routes/plans.ts,27
GET,/api/add-ons,artifacts/api-server/src/routes/plans.ts,31
POST,/api/add-ons,artifacts/api-server/src/routes/plans.ts,32
PUT,/api/add-ons/:addonId,artifacts/api-server/src/routes/plans.ts,33
GET,/api/tenants/:tenantId/subscription,artifacts/api-server/src/routes/plans.ts,37
PUT,/api/tenants/:tenantId/subscription/plan,artifacts/api-server/src/routes/plans.ts,41
PUT,/api/tenants/:tenantId/subscription/add-ons,artifacts/api-server/src/routes/plans.ts,45
PUT,/api/tenants/:tenantId/subscription/overrides,artifacts/api-server/src/routes/plans.ts,49
PUT,/api/tenants/:tenantId/suspension,artifacts/api-server/src/routes/plans.ts,53
PUT,/api/tenants/:tenantId/website-settings,artifacts/api-server/src/routes/plans.ts,58
GET,/api/tenants/:tenantId/resources/:resourceType,artifacts/api-server/src/routes/plans.ts,62
POST,/api/tenants/:tenantId/resources/:resourceType,artifacts/api-server/src/routes/plans.ts,66
DELETE,/api/tenants/:tenantId/resources/:resourceType/:resourceId,artifacts/api-server/src/routes/plans.ts,70
GET,/api/me,artifacts/api-server/src/routes/platform.ts,25
GET,/api/overview,artifacts/api-server/src/routes/platform.ts,29
GET,/api/activity,artifacts/api-server/src/routes/platform.ts,39
GET,/api/tenants/:tenantId/administrators,artifacts/api-server/src/routes/tenants.ts,22
POST,/api/tenants/:tenantId/administrators,artifacts/api-server/src/routes/tenants.ts,26
PUT,/api/tenants/:tenantId/administrators/:userId,artifacts/api-server/src/routes/tenants.ts,31
PUT,/api/tenants/:tenantId/staff/:userId/permissions,artifacts/api-server/src/routes/tenants.ts,35
GET,/api/tenants/:tenantId/domain-verification,artifacts/api-server/src/routes/tenants.ts,39
POST,/api/tenants/:tenantId/domain-verification,artifacts/api-server/src/routes/tenants.ts,43
GET,/api/tenants/:tenantId/products/:moduleKey/configuration,artifacts/api-server/src/routes/tenants.ts,47
PUT,/api/tenants/:tenantId/products/:moduleKey/configuration,artifacts/api-server/src/routes/tenants.ts,51
GET,/api/tenants,artifacts/api-server/src/routes/tenants.ts,55
POST,/api/tenants,artifacts/api-server/src/routes/tenants.ts,58
GET,/api/tenants/:tenantId,artifacts/api-server/src/routes/tenants.ts,62
PUT,/api/tenants/:tenantId/brand,artifacts/api-server/src/routes/tenants.ts,66
PUT,/api/tenants/:tenantId/domain,artifacts/api-server/src/routes/tenants.ts,70
PUT,/api/tenants/:tenantId/modules,artifacts/api-server/src/routes/tenants.ts,74
PUT,/api/tenants/:tenantId/assets-networks,artifacts/api-server/src/routes/tenants.ts,78
PUT,/api/tenants/:tenantId/configuration,artifacts/api-server/src/routes/tenants.ts,82
POST,/api/tenants/:tenantId/launch,artifacts/api-server/src/routes/tenants.ts,86
GET,/api/public/domains/:hostname,artifacts/api-server/src/routes/website.ts,8
GET,/api/public/sites/:slug,artifacts/api-server/src/routes/website.ts,16
GET,/api/public/sites/:slug/capabilities/:feature,artifacts/api-server/src/routes/website.ts,20
