"method","path","operationId","file","line","target","collision","action"
"GET","/exchange/visual-catalog","getExchangeVisualCatalog","lib/api-spec/openapi.yaml","21","/api/white-label/exchange/visual-catalog","false","ADAPT; prefix paths and generated operation/schema names; retain existing Project 1 API"
"GET","/demo/session","getDemoSession","lib/api-spec/openapi.yaml","31","/api/white-label/demo/session","false","ADAPT; prefix paths and generated operation/schema names; retain existing Project 1 API"
"POST","/demo/session","startDemoSession","lib/api-spec/openapi.yaml","35","/api/white-label/demo/session","false","ADAPT; prefix paths and generated operation/schema names; retain existing Project 1 API"
"DELETE","/demo/session","endDemoSession","lib/api-spec/openapi.yaml","46","/api/white-label/demo/session","false","ADAPT; prefix paths and generated operation/schema names; retain existing Project 1 API"
"GET","/customer/white-label-catalog","getWhiteLabelCatalog","lib/api-spec/openapi.yaml","51","/api/white-label/customer/white-label-catalog","false","ADAPT; prefix paths and generated operation/schema names; retain existing Project 1 API"
"GET","/customer/white-label-requests/{requestId}","getMyWhiteLabelRequest","lib/api-spec/openapi.yaml","56","/api/white-label/customer/white-label-requests/{requestId}","false","ADAPT; prefix paths and generated operation/schema names; retain existing Project 1 API"
"GET","/operator/white-label-requests/{requestId}","getWhiteLabelRequest","lib/api-spec/openapi.yaml","62","/api/white-label/operator/white-label-requests/{requestId}","false","ADAPT; prefix paths and generated operation/schema names; retain existing Project 1 API"
"POST","/operator/white-label-requests/{requestId}/notes","addWhiteLabelNote","lib/api-spec/openapi.yaml","68","/api/white-label/operator/white-label-requests/{requestId}/notes","false","ADAPT; prefix paths and generated operation/schema names; retain existing Project 1 API"
"GET","/customer/admin-panels","listMyAdminPanels","lib/api-spec/openapi.yaml","75","/api/white-label/customer/admin-panels","false","ADAPT; prefix paths and generated operation/schema names; retain existing Project 1 API"
"GET","/customer/white-label-requests","listMyWhiteLabelRequests","lib/api-spec/openapi.yaml","80","/api/white-label/customer/white-label-requests","false","ADAPT; prefix paths and generated operation/schema names; retain existing Project 1 API"
"POST","/customer/white-label-requests","submitWhiteLabelRequest","lib/api-spec/openapi.yaml","84","/api/white-label/customer/white-label-requests","false","ADAPT; prefix paths and generated operation/schema names; retain existing Project 1 API"
"GET","/operator/white-label-requests","listWhiteLabelRequests","lib/api-spec/openapi.yaml","90","/api/white-label/operator/white-label-requests","false","ADAPT; prefix paths and generated operation/schema names; retain existing Project 1 API"
"PUT","/operator/white-label-requests/{requestId}/review","reviewWhiteLabelRequest","lib/api-spec/openapi.yaml","95","/api/white-label/operator/white-label-requests/{requestId}/review","false","ADAPT; prefix paths and generated operation/schema names; retain existing Project 1 API"
"POST","/operator/white-label-requests/{requestId}/provision","provisionWhiteLabelRequest","lib/api-spec/openapi.yaml","103","/api/white-label/operator/white-label-requests/{requestId}/provision","false","ADAPT; prefix paths and generated operation/schema names; retain existing Project 1 API"
"GET","/tenants/{tenantId}/exchange/audit","listExchangeAudit","lib/api-spec/openapi.yaml","115","/api/white-label/tenants/{tenantId}/exchange/audit","false","ADAPT; prefix paths and generated operation/schema names; retain existing Project 1 API"
"GET","/tenants/{tenantId}/exchange","getExchangeConfiguration","lib/api-spec/openapi.yaml","125","/api/white-label/tenants/{tenantId}/exchange","false","ADAPT; prefix paths and generated operation/schema names; retain existing Project 1 API"
"PUT","/tenants/{tenantId}/exchange","saveExchangeConfiguration","lib/api-spec/openapi.yaml","129","/api/white-label/tenants/{tenantId}/exchange","false","ADAPT; prefix paths and generated operation/schema names; retain existing Project 1 API"
"GET","/tenants/{tenantId}/exchange/orders","listExchangeOrders","lib/api-spec/openapi.yaml","139","/api/white-label/tenants/{tenantId}/exchange/orders","false","ADAPT; prefix paths and generated operation/schema names; retain existing Project 1 API"
"GET","/tenants/{tenantId}/exchange/orders/{orderId}","getExchangeOrder","lib/api-spec/openapi.yaml","156","/api/white-label/tenants/{tenantId}/exchange/orders/{orderId}","false","ADAPT; prefix paths and generated operation/schema names; retain existing Project 1 API"
"PUT","/tenants/{tenantId}/exchange/orders/{orderId}","updateExchangeOrderStatus","lib/api-spec/openapi.yaml","160","/api/white-label/tenants/{tenantId}/exchange/orders/{orderId}","false","ADAPT; prefix paths and generated operation/schema names; retain existing Project 1 API"
"GET","/tenants/{tenantId}/exchange/dashboard","getExchangeDashboard","lib/api-spec/openapi.yaml","170","/api/white-label/tenants/{tenantId}/exchange/dashboard","false","ADAPT; prefix paths and generated operation/schema names; retain existing Project 1 API"
"GET","/tenants/{tenantId}/exchange/customers","listExchangeCustomers","lib/api-spec/openapi.yaml","177","/api/white-label/tenants/{tenantId}/exchange/customers","false","ADAPT; prefix paths and generated operation/schema names; retain existing Project 1 API"
"GET","/public/sites/{slug}/exchange","getPublicExchange","lib/api-spec/openapi.yaml","184","/api/white-label/public/sites/{slug}/exchange","false","ADAPT; prefix paths and generated operation/schema names; retain existing Project 1 API"
"POST","/public/sites/{slug}/exchange/quotes","createSandboxQuote","lib/api-spec/openapi.yaml","191","/api/white-label/public/sites/{slug}/exchange/quotes","false","ADAPT; prefix paths and generated operation/schema names; retain existing Project 1 API"
"POST","/public/sites/{slug}/exchange/orders","createSandboxOrder","lib/api-spec/openapi.yaml","203","/api/white-label/public/sites/{slug}/exchange/orders","false","ADAPT; prefix paths and generated operation/schema names; retain existing Project 1 API"
"GET","/public/sites/{slug}/exchange/orders/{orderId}","trackSandboxOrder","lib/api-spec/openapi.yaml","215","/api/white-label/public/sites/{slug}/exchange/orders/{orderId}","false","ADAPT; prefix paths and generated operation/schema names; retain existing Project 1 API"
"GET","/public/product-catalog","getPublicProductCatalog","lib/api-spec/openapi.yaml","224","/api/white-label/public/product-catalog","false","ADAPT; prefix paths and generated operation/schema names; retain existing Project 1 API"
"GET","/landing-products","listLandingProducts","lib/api-spec/openapi.yaml","234","/api/white-label/landing-products","false","ADAPT; prefix paths and generated operation/schema names; retain existing Project 1 API"
"PUT","/landing-products/{productKey}","updateLandingProduct","lib/api-spec/openapi.yaml","244","/api/white-label/landing-products/{productKey}","false","ADAPT; prefix paths and generated operation/schema names; retain existing Project 1 API"
"GET","/tenants/{tenantId}/administrators","listTenantAdministrators","lib/api-spec/openapi.yaml","262","/api/white-label/tenants/{tenantId}/administrators","false","ADAPT; prefix paths and generated operation/schema names; retain existing Project 1 API"
"POST","/tenants/{tenantId}/administrators","assignTenantAdministrator","lib/api-spec/openapi.yaml","271","/api/white-label/tenants/{tenantId}/administrators","false","ADAPT; prefix paths and generated operation/schema names; retain existing Project 1 API"
"PUT","/tenants/{tenantId}/administrators/{userId}","setTenantAdministratorStatus","lib/api-spec/openapi.yaml","286","/api/white-label/tenants/{tenantId}/administrators/{userId}","false","ADAPT; prefix paths and generated operation/schema names; retain existing Project 1 API"
"GET","/tenants/{tenantId}/products/{moduleKey}/configuration","getProductConfiguration","lib/api-spec/openapi.yaml","307","/api/white-label/tenants/{tenantId}/products/{moduleKey}/configuration","false","ADAPT; prefix paths and generated operation/schema names; retain existing Project 1 API"
"PUT","/tenants/{tenantId}/products/{moduleKey}/configuration","setProductConfiguration","lib/api-spec/openapi.yaml","316","/api/white-label/tenants/{tenantId}/products/{moduleKey}/configuration","false","ADAPT; prefix paths and generated operation/schema names; retain existing Project 1 API"
"GET","/catalog/products","listProductRegistry","lib/api-spec/openapi.yaml","331","/api/white-label/catalog/products","false","ADAPT; prefix paths and generated operation/schema names; retain existing Project 1 API"
"POST","/catalog/products","registerProductModule","lib/api-spec/openapi.yaml","340","/api/white-label/catalog/products","false","ADAPT; prefix paths and generated operation/schema names; retain existing Project 1 API"
"PUT","/tenants/{tenantId}/staff/{userId}/permissions","setStaffPermissions","lib/api-spec/openapi.yaml","355","/api/white-label/tenants/{tenantId}/staff/{userId}/permissions","false","ADAPT; prefix paths and generated operation/schema names; retain existing Project 1 API"
"GET","/tenants/{tenantId}/domain-verification","getDomainVerification","lib/api-spec/openapi.yaml","373","/api/white-label/tenants/{tenantId}/domain-verification","false","ADAPT; prefix paths and generated operation/schema names; retain existing Project 1 API"
"POST","/tenants/{tenantId}/domain-verification","verifyTenantDomain","lib/api-spec/openapi.yaml","383","/api/white-label/tenants/{tenantId}/domain-verification","false","ADAPT; prefix paths and generated operation/schema names; retain existing Project 1 API"
"GET","/public/domains/{hostname}","resolvePublicDomain","lib/api-spec/openapi.yaml","394","/api/white-label/public/domains/{hostname}","false","ADAPT; prefix paths and generated operation/schema names; retain existing Project 1 API"
"GET","/healthz","healthCheck","lib/api-spec/openapi.yaml","405","/api/white-label/healthz","true","ADAPT; prefix paths and generated operation/schema names; retain existing Project 1 API"
"GET","/me","getCurrentPrincipal","lib/api-spec/openapi.yaml","418","/api/white-label/me","false","ADAPT; prefix paths and generated operation/schema names; retain existing Project 1 API"
"GET","/overview","getPlatformOverview","lib/api-spec/openapi.yaml","432","/api/white-label/overview","false","ADAPT; prefix paths and generated operation/schema names; retain existing Project 1 API"
"GET","/activity","listPlatformActivity","lib/api-spec/openapi.yaml","446","/api/white-label/activity","false","ADAPT; prefix paths and generated operation/schema names; retain existing Project 1 API"
"GET","/modules","listModuleCatalog","lib/api-spec/openapi.yaml","462","/api/white-label/modules","false","ADAPT; prefix paths and generated operation/schema names; retain existing Project 1 API"
"GET","/asset-networks","listSandboxAssetNetworks","lib/api-spec/openapi.yaml","476","/api/white-label/asset-networks","false","ADAPT; prefix paths and generated operation/schema names; retain existing Project 1 API"
"GET","/tenants","listTenants","lib/api-spec/openapi.yaml","488","/api/white-label/tenants","false","ADAPT; prefix paths and generated operation/schema names; retain existing Project 1 API"
"POST","/tenants","createTenant","lib/api-spec/openapi.yaml","505","/api/white-label/tenants","false","ADAPT; prefix paths and generated operation/schema names; retain existing Project 1 API"
"GET","/tenants/{tenantId}","getTenant","lib/api-spec/openapi.yaml","531","/api/white-label/tenants/{tenantId}","false","ADAPT; prefix paths and generated operation/schema names; retain existing Project 1 API"
"PUT","/tenants/{tenantId}/brand","updateTenantBrand","lib/api-spec/openapi.yaml","551","/api/white-label/tenants/{tenantId}/brand","false","ADAPT; prefix paths and generated operation/schema names; retain existing Project 1 API"
"PUT","/tenants/{tenantId}/domain","updateTenantDomain","lib/api-spec/openapi.yaml","579","/api/white-label/tenants/{tenantId}/domain","false","ADAPT; prefix paths and generated operation/schema names; retain existing Project 1 API"
"PUT","/tenants/{tenantId}/modules","updateTenantModules","lib/api-spec/openapi.yaml","609","/api/white-label/tenants/{tenantId}/modules","false","ADAPT; prefix paths and generated operation/schema names; retain existing Project 1 API"
"PUT","/tenants/{tenantId}/assets-networks","updateTenantAssetsNetworks","lib/api-spec/openapi.yaml","637","/api/white-label/tenants/{tenantId}/assets-networks","false","ADAPT; prefix paths and generated operation/schema names; retain existing Project 1 API"
"PUT","/tenants/{tenantId}/configuration","updateTenantConfiguration","lib/api-spec/openapi.yaml","665","/api/white-label/tenants/{tenantId}/configuration","false","ADAPT; prefix paths and generated operation/schema names; retain existing Project 1 API"
"POST","/tenants/{tenantId}/launch","activateTenant","lib/api-spec/openapi.yaml","693","/api/white-label/tenants/{tenantId}/launch","false","ADAPT; prefix paths and generated operation/schema names; retain existing Project 1 API"
"GET","/entitlement-definitions","listEntitlementDefinitions","lib/api-spec/openapi.yaml","715","/api/white-label/entitlement-definitions","false","ADAPT; prefix paths and generated operation/schema names; retain existing Project 1 API"
"GET","/plans","listPlans","lib/api-spec/openapi.yaml","725","/api/white-label/plans","false","ADAPT; prefix paths and generated operation/schema names; retain existing Project 1 API"
"POST","/plans","createPlan","lib/api-spec/openapi.yaml","734","/api/white-label/plans","false","ADAPT; prefix paths and generated operation/schema names; retain existing Project 1 API"
"GET","/plans/{planId}","getPlan","lib/api-spec/openapi.yaml","742","/api/white-label/plans/{planId}","false","ADAPT; prefix paths and generated operation/schema names; retain existing Project 1 API"
"PUT","/plans/{planId}","updatePlan","lib/api-spec/openapi.yaml","747","/api/white-label/plans/{planId}","false","ADAPT; prefix paths and generated operation/schema names; retain existing Project 1 API"
"POST","/plans/{planId}/duplicate","duplicatePlan","lib/api-spec/openapi.yaml","754","/api/white-label/plans/{planId}/duplicate","false","ADAPT; prefix paths and generated operation/schema names; retain existing Project 1 API"
"PUT","/plans/{planId}/status","setPlanStatus","lib/api-spec/openapi.yaml","761","/api/white-label/plans/{planId}/status","false","ADAPT; prefix paths and generated operation/schema names; retain existing Project 1 API"
"GET","/add-ons","listAddons","lib/api-spec/openapi.yaml","769","/api/white-label/add-ons","false","ADAPT; prefix paths and generated operation/schema names; retain existing Project 1 API"
"POST","/add-ons","createAddon","lib/api-spec/openapi.yaml","774","/api/white-label/add-ons","false","ADAPT; prefix paths and generated operation/schema names; retain existing Project 1 API"
"PUT","/add-ons/{addonId}","updateAddon","lib/api-spec/openapi.yaml","781","/api/white-label/add-ons/{addonId}","false","ADAPT; prefix paths and generated operation/schema names; retain existing Project 1 API"
"GET","/tenants/{tenantId}/subscription","getTenantSubscription","lib/api-spec/openapi.yaml","789","/api/white-label/tenants/{tenantId}/subscription","false","ADAPT; prefix paths and generated operation/schema names; retain existing Project 1 API"
"PUT","/tenants/{tenantId}/subscription/plan","changeTenantPlan","lib/api-spec/openapi.yaml","796","/api/white-label/tenants/{tenantId}/subscription/plan","false","ADAPT; prefix paths and generated operation/schema names; retain existing Project 1 API"
"PUT","/tenants/{tenantId}/subscription/add-ons","setTenantAddons","lib/api-spec/openapi.yaml","804","/api/white-label/tenants/{tenantId}/subscription/add-ons","false","ADAPT; prefix paths and generated operation/schema names; retain existing Project 1 API"
"PUT","/tenants/{tenantId}/subscription/overrides","setTenantOverrides","lib/api-spec/openapi.yaml","812","/api/white-label/tenants/{tenantId}/subscription/overrides","false","ADAPT; prefix paths and generated operation/schema names; retain existing Project 1 API"
"PUT","/tenants/{tenantId}/suspension","setTenantSuspension","lib/api-spec/openapi.yaml","820","/api/white-label/tenants/{tenantId}/suspension","false","ADAPT; prefix paths and generated operation/schema names; retain existing Project 1 API"
"PUT","/tenants/{tenantId}/website-settings","updateTenantWebsiteSettings","lib/api-spec/openapi.yaml","828","/api/white-label/tenants/{tenantId}/website-settings","false","ADAPT; prefix paths and generated operation/schema names; retain existing Project 1 API"
"GET","/tenants/{tenantId}/resources/{resourceType}","listTenantResources","lib/api-spec/openapi.yaml","837","/api/white-label/tenants/{tenantId}/resources/{resourceType}","false","ADAPT; prefix paths and generated operation/schema names; retain existing Project 1 API"
"POST","/tenants/{tenantId}/resources/{resourceType}","createTenantResource","lib/api-spec/openapi.yaml","842","/api/white-label/tenants/{tenantId}/resources/{resourceType}","false","ADAPT; prefix paths and generated operation/schema names; retain existing Project 1 API"
"DELETE","/tenants/{tenantId}/resources/{resourceType}/{resourceId}","removeTenantResource","lib/api-spec/openapi.yaml","849","/api/white-label/tenants/{tenantId}/resources/{resourceType}/{resourceId}","false","ADAPT; prefix paths and generated operation/schema names; retain existing Project 1 API"
"GET","/public/sites/{slug}","getPublicSite","lib/api-spec/openapi.yaml","856","/api/white-label/public/sites/{slug}","false","ADAPT; prefix paths and generated operation/schema names; retain existing Project 1 API"
"GET","/public/sites/{slug}/capabilities/{feature}","getPublicCapability","lib/api-spec/openapi.yaml","863","/api/white-label/public/sites/{slug}/capabilities/{feature}","false","ADAPT; prefix paths and generated operation/schema names; retain existing Project 1 API"
