"sourceTable","sourceFile","target","tenantScoped","collision","project1File","action"
"addon_entitlements","lib/db/src/schema/plans.ts","white_label.addon_entitlements","false","false","","ADAPT into new white_label schema"
"addons","lib/db/src/schema/plans.ts","white_label.addons","false","false","","ADAPT into new white_label schema"
"api_keys","lib/db/src/schema/integrations.ts","white_label.api_keys","true","false","","ADAPT into new white_label schema"
"asset_catalog","lib/db/src/schema/catalog.ts","white_label.asset_catalog","false","false","","ADAPT into new white_label schema"
"asset_network_catalog","lib/db/src/schema/catalog.ts","white_label.asset_network_catalog","false","false","","ADAPT into new white_label schema"
"audit_events","lib/db/src/schema/audit.ts","white_label.audit_events","true","false","","ADAPT into new white_label schema"
"blockchain_provider_configs","lib/db/src/schema/integrations.ts","white_label.blockchain_provider_configs","true","false","","ADAPT into new white_label schema"
"entitlement_definitions","lib/db/src/schema/plans.ts","white_label.entitlement_definitions","false","false","","ADAPT into new white_label schema"
"exchange_orders","lib/db/src/schema/commerce.ts","white_label.exchange_orders","true","true","lib/db/src/schema/index.ts","ADAPT; isolate in new schema, never replace Project 1 table"
"landing_products","lib/db/src/schema/landing-products.ts","white_label.landing_products","false","false","","ADAPT into new white_label schema"
"module_catalog","lib/db/src/schema/catalog.ts","white_label.module_catalog","false","false","","ADAPT into new white_label schema"
"network_catalog","lib/db/src/schema/catalog.ts","white_label.network_catalog","false","false","","ADAPT into new white_label schema"
"notification_events","lib/db/src/schema/integrations.ts","white_label.notification_events","true","false","","ADAPT into new white_label schema"
"payment_invoices","lib/db/src/schema/commerce.ts","white_label.payment_invoices","true","false","","ADAPT into new white_label schema"
"plan_entitlements","lib/db/src/schema/plans.ts","white_label.plan_entitlements","false","false","","ADAPT into new white_label schema"
"plans","lib/db/src/schema/plans.ts","white_label.plans","false","false","","ADAPT into new white_label schema"
"platform_admins","lib/db/src/schema/access.ts","white_label.platform_admins","false","false","","ADAPT into new white_label schema"
"pricing_rules","lib/db/src/schema/commerce.ts","white_label.pricing_rules","true","false","","ADAPT into new white_label schema"
"tenant_addons","lib/db/src/schema/plans.ts","white_label.tenant_addons","true","false","","ADAPT into new white_label schema"
"tenant_asset_networks","lib/db/src/schema/branding.ts","white_label.tenant_asset_networks","true","false","","ADAPT into new white_label schema"
"tenant_branding","lib/db/src/schema/branding.ts","white_label.tenant_branding","true","false","","ADAPT into new white_label schema"
"tenant_configuration","lib/db/src/schema/branding.ts","white_label.tenant_configuration","true","false","","ADAPT into new white_label schema"
"tenant_domains","lib/db/src/schema/branding.ts","white_label.tenant_domains","true","false","","ADAPT into new white_label schema"
"tenant_entitlement_overrides","lib/db/src/schema/plans.ts","white_label.tenant_entitlement_overrides","true","false","","ADAPT into new white_label schema"
"tenant_memberships","lib/db/src/schema/access.ts","white_label.tenant_memberships","true","false","","ADAPT into new white_label schema"
"tenant_modules","lib/db/src/schema/branding.ts","white_label.tenant_modules","true","false","","ADAPT into new white_label schema"
"tenant_payment_methods","lib/db/src/schema/plans.ts","white_label.tenant_payment_methods","true","false","","ADAPT into new white_label schema"
"tenant_product_configuration","lib/db/src/schema/product-config.ts","white_label.tenant_product_configuration","true","false","","ADAPT into new white_label schema"
"tenant_subscriptions","lib/db/src/schema/plans.ts","white_label.tenant_subscriptions","true","false","","ADAPT into new white_label schema"
"tenant_usage_counters","lib/db/src/schema/plans.ts","white_label.tenant_usage_counters","true","false","","ADAPT into new white_label schema"
"tenants","lib/db/src/schema/tenants.ts","white_label.tenants","false","false","","ADAPT into new white_label schema"
"wallet_configurations","lib/db/src/schema/integrations.ts","white_label.wallet_configurations","true","false","","ADAPT into new white_label schema"
"webhook_endpoints","lib/db/src/schema/integrations.ts","white_label.webhook_endpoints","true","false","","ADAPT into new white_label schema"
"white_label_attachments","lib/db/src/schema/white-label-requests.ts","white_label.white_label_attachments","false","false","","ADAPT into new white_label schema"
"white_label_events","lib/db/src/schema/white-label-requests.ts","white_label.white_label_events","false","false","","ADAPT into new white_label schema"
"white_label_requests","lib/db/src/schema/white-label-requests.ts","white_label.white_label_requests","true","false","","ADAPT into new white_label schema"
