"package","file","kind","name","version","project1Versions","action"
"workspace","package.json","dependencies","@replit/connectors-sdk","^0.4.3","[""^0.4.1""]","Reuse Project 1 dependency after API/version compatibility verification"
"workspace","package.json","devDependencies","prettier","^3.9.6","[""^3.9.6""]","Reuse Project 1 dependency after API/version compatibility verification"
"workspace","package.json","devDependencies","typescript","~5.9.3","[""~5.9.3""]","Reuse Project 1 dependency after API/version compatibility verification"
"@workspace/api-server","artifacts/api-server/package.json","dependencies","@clerk/express","^2.1.75","[""^2.1.61""]","Reuse Project 1 dependency after API/version compatibility verification"
"@workspace/api-server","artifacts/api-server/package.json","dependencies","@clerk/shared","^4.38.0","[""^4.29.3""]","Reuse Project 1 dependency after API/version compatibility verification"
"@workspace/api-server","artifacts/api-server/package.json","dependencies","@google-cloud/storage","^8.2.0","[""^8.0.1""]","Reuse Project 1 dependency after API/version compatibility verification"
"@workspace/api-server","artifacts/api-server/package.json","dependencies","@workspace/api-zod","workspace:*","[""workspace:*""]","Adapt workspace identity/imports; do not overwrite packages"
"@workspace/api-server","artifacts/api-server/package.json","dependencies","@workspace/db","workspace:*","[""workspace:*""]","Adapt workspace identity/imports; do not overwrite packages"
"@workspace/api-server","artifacts/api-server/package.json","dependencies","cookie-parser","^1.4.7","[""^1.4.7""]","Reuse Project 1 dependency after API/version compatibility verification"
"@workspace/api-server","artifacts/api-server/package.json","dependencies","cors","^2.8.6","[]","Review isolated module requirement; no automatic installation"
"@workspace/api-server","artifacts/api-server/package.json","dependencies","drizzle-orm","catalog:","[""catalog:""]","Reuse Project 1 dependency after API/version compatibility verification"
"@workspace/api-server","artifacts/api-server/package.json","dependencies","express","^5.2.1","[""^5.2.1""]","Reuse Project 1 dependency after API/version compatibility verification"
"@workspace/api-server","artifacts/api-server/package.json","dependencies","http-proxy-middleware","^4.2.0","[""^4.2.0""]","Reuse Project 1 dependency after API/version compatibility verification"
"@workspace/api-server","artifacts/api-server/package.json","dependencies","pino","^9.14.0","[""^9.14.0""]","Reuse Project 1 dependency after API/version compatibility verification"
"@workspace/api-server","artifacts/api-server/package.json","dependencies","pino-http","^10.5.0","[""^10.5.0""]","Reuse Project 1 dependency after API/version compatibility verification"
"@workspace/api-server","artifacts/api-server/package.json","dependencies","zod","catalog:","[""catalog:""]","Reuse Project 1 dependency after API/version compatibility verification"
"@workspace/api-server","artifacts/api-server/package.json","devDependencies","@types/cookie-parser","^1.4.10","[""^1.4.10""]","Reuse Project 1 dependency after API/version compatibility verification"
"@workspace/api-server","artifacts/api-server/package.json","devDependencies","@types/cors","^2.8.19","[]","Review isolated module requirement; no automatic installation"
"@workspace/api-server","artifacts/api-server/package.json","devDependencies","@types/express","^5.0.6","[""^5.0.6""]","Reuse Project 1 dependency after API/version compatibility verification"
"@workspace/api-server","artifacts/api-server/package.json","devDependencies","@types/node","catalog:","[""catalog:""]","Reuse Project 1 dependency after API/version compatibility verification"
"@workspace/api-server","artifacts/api-server/package.json","devDependencies","esbuild","0.28.2","[""0.28.1""]","Reuse Project 1 dependency after API/version compatibility verification"
"@workspace/api-server","artifacts/api-server/package.json","devDependencies","esbuild-plugin-pino","^2.3.3","[""^2.3.3""]","Reuse Project 1 dependency after API/version compatibility verification"
"@workspace/api-server","artifacts/api-server/package.json","devDependencies","pino-pretty","^13.1.3","[""^13.1.3""]","Reuse Project 1 dependency after API/version compatibility verification"
"@workspace/api-server","artifacts/api-server/package.json","devDependencies","thread-stream","3.1.0","[""3.1.0""]","Reuse Project 1 dependency after API/version compatibility verification"
"@workspace/api-server","artifacts/api-server/package.json","devDependencies","tsx","catalog:","[""^4.20.6"",""catalog:""]","Reuse Project 1 dependency after API/version compatibility verification"
"@workspace/mockup-sandbox","artifacts/mockup-sandbox/package.json","devDependencies","@hookform/resolvers","^3.10.0","[""^3.10.0""]","Reuse Project 1 dependency after API/version compatibility verification"
"@workspace/mockup-sandbox","artifacts/mockup-sandbox/package.json","devDependencies","@radix-ui/react-accordion","^1.2.20","[""^1.2.4"",""^1.2.20""]","Reuse Project 1 dependency after API/version compatibility verification"
"@workspace/mockup-sandbox","artifacts/mockup-sandbox/package.json","devDependencies","@radix-ui/react-alert-dialog","^1.1.23","[""^1.1.7"",""^1.1.23""]","Reuse Project 1 dependency after API/version compatibility verification"
"@workspace/mockup-sandbox","artifacts/mockup-sandbox/package.json","devDependencies","@radix-ui/react-aspect-ratio","^1.1.15","[""^1.1.3"",""^1.1.15""]","Reuse Project 1 dependency after API/version compatibility verification"
"@workspace/mockup-sandbox","artifacts/mockup-sandbox/package.json","devDependencies","@radix-ui/react-avatar","^1.2.6","[""^1.1.4"",""^1.2.6""]","Reuse Project 1 dependency after API/version compatibility verification"
"@workspace/mockup-sandbox","artifacts/mockup-sandbox/package.json","devDependencies","@radix-ui/react-checkbox","^1.3.11","[""^1.1.5"",""^1.3.11""]","Reuse Project 1 dependency after API/version compatibility verification"
"@workspace/mockup-sandbox","artifacts/mockup-sandbox/package.json","devDependencies","@radix-ui/react-collapsible","^1.1.20","[""^1.1.4"",""^1.1.20""]","Reuse Project 1 dependency after API/version compatibility verification"
"@workspace/mockup-sandbox","artifacts/mockup-sandbox/package.json","devDependencies","@radix-ui/react-context-menu","^2.3.7","[""^2.2.7"",""^2.3.7""]","Reuse Project 1 dependency after API/version compatibility verification"
"@workspace/mockup-sandbox","artifacts/mockup-sandbox/package.json","devDependencies","@radix-ui/react-dialog","^1.1.23","[""^1.1.7"",""^1.1.23""]","Reuse Project 1 dependency after API/version compatibility verification"
"@workspace/mockup-sandbox","artifacts/mockup-sandbox/package.json","devDependencies","@radix-ui/react-dropdown-menu","^2.1.24","[""^2.1.7"",""^2.1.24""]","Reuse Project 1 dependency after API/version compatibility verification"
"@workspace/mockup-sandbox","artifacts/mockup-sandbox/package.json","devDependencies","@radix-ui/react-hover-card","^1.1.23","[""^1.1.7"",""^1.1.23""]","Reuse Project 1 dependency after API/version compatibility verification"
"@workspace/mockup-sandbox","artifacts/mockup-sandbox/package.json","devDependencies","@radix-ui/react-label","^2.1.15","[""^2.1.3"",""^2.1.15""]","Reuse Project 1 dependency after API/version compatibility verification"
"@workspace/mockup-sandbox","artifacts/mockup-sandbox/package.json","devDependencies","@radix-ui/react-menubar","^1.1.24","[""^1.1.7"",""^1.1.24""]","Reuse Project 1 dependency after API/version compatibility verification"
"@workspace/mockup-sandbox","artifacts/mockup-sandbox/package.json","devDependencies","@radix-ui/react-navigation-menu","^1.2.22","[""^1.2.6"",""^1.2.22""]","Reuse Project 1 dependency after API/version compatibility verification"
"@workspace/mockup-sandbox","artifacts/mockup-sandbox/package.json","devDependencies","@radix-ui/react-popover","^1.1.23","[""^1.1.7"",""^1.1.23""]","Reuse Project 1 dependency after API/version compatibility verification"
"@workspace/mockup-sandbox","artifacts/mockup-sandbox/package.json","devDependencies","@radix-ui/react-progress","^1.1.16","[""^1.1.3"",""^1.1.16""]","Reuse Project 1 dependency after API/version compatibility verification"
"@workspace/mockup-sandbox","artifacts/mockup-sandbox/package.json","devDependencies","@radix-ui/react-radio-group","^1.4.7","[""^1.2.4"",""^1.4.7""]","Reuse Project 1 dependency after API/version compatibility verification"
"@workspace/mockup-sandbox","artifacts/mockup-sandbox/package.json","devDependencies","@radix-ui/react-scroll-area","^1.2.18","[""^1.2.4"",""^1.2.18""]","Reuse Project 1 dependency after API/version compatibility verification"
"@workspace/mockup-sandbox","artifacts/mockup-sandbox/package.json","devDependencies","@radix-ui/react-select","^2.3.7","[""^2.1.7"",""^2.3.7""]","Reuse Project 1 dependency after API/version compatibility verification"
"@workspace/mockup-sandbox","artifacts/mockup-sandbox/package.json","devDependencies","@radix-ui/react-separator","^1.1.15","[""^1.1.3"",""^1.1.15""]","Reuse Project 1 dependency after API/version compatibility verification"
"@workspace/mockup-sandbox","artifacts/mockup-sandbox/package.json","devDependencies","@radix-ui/react-slider","^1.4.7","[""^1.2.4"",""^1.4.7""]","Reuse Project 1 dependency after API/version compatibility verification"
"@workspace/mockup-sandbox","artifacts/mockup-sandbox/package.json","devDependencies","@radix-ui/react-slot","^1.3.3","[""^1.2.0"",""^1.3.3""]","Reuse Project 1 dependency after API/version compatibility verification"
"@workspace/mockup-sandbox","artifacts/mockup-sandbox/package.json","devDependencies","@radix-ui/react-switch","^1.3.7","[""^1.1.4"",""^1.3.7""]","Reuse Project 1 dependency after API/version compatibility verification"
"@workspace/mockup-sandbox","artifacts/mockup-sandbox/package.json","devDependencies","@radix-ui/react-tabs","^1.1.21","[""^1.1.4"",""^1.1.21""]","Reuse Project 1 dependency after API/version compatibility verification"
"@workspace/mockup-sandbox","artifacts/mockup-sandbox/package.json","devDependencies","@radix-ui/react-toast","^1.2.23","[""^1.2.7"",""^1.2.23""]","Reuse Project 1 dependency after API/version compatibility verification"
"@workspace/mockup-sandbox","artifacts/mockup-sandbox/package.json","devDependencies","@radix-ui/react-toggle","^1.1.18","[""^1.1.3"",""^1.1.18""]","Reuse Project 1 dependency after API/version compatibility verification"
"@workspace/mockup-sandbox","artifacts/mockup-sandbox/package.json","devDependencies","@radix-ui/react-toggle-group","^1.1.19","[""^1.1.3"",""^1.1.19""]","Reuse Project 1 dependency after API/version compatibility verification"
"@workspace/mockup-sandbox","artifacts/mockup-sandbox/package.json","devDependencies","@radix-ui/react-tooltip","^1.2.16","[""^1.2.0"",""^1.2.16""]","Reuse Project 1 dependency after API/version compatibility verification"
"@workspace/mockup-sandbox","artifacts/mockup-sandbox/package.json","devDependencies","@replit/vite-plugin-cartographer","catalog:","[""catalog:""]","Reuse Project 1 dependency after API/version compatibility verification"
"@workspace/mockup-sandbox","artifacts/mockup-sandbox/package.json","devDependencies","@replit/vite-plugin-runtime-error-modal","catalog:","[""catalog:""]","Reuse Project 1 dependency after API/version compatibility verification"
"@workspace/mockup-sandbox","artifacts/mockup-sandbox/package.json","devDependencies","@tailwindcss/vite","catalog:","[""catalog:""]","Reuse Project 1 dependency after API/version compatibility verification"
"@workspace/mockup-sandbox","artifacts/mockup-sandbox/package.json","devDependencies","@types/node","catalog:","[""catalog:""]","Reuse Project 1 dependency after API/version compatibility verification"
"@workspace/mockup-sandbox","artifacts/mockup-sandbox/package.json","devDependencies","@types/react","catalog:","[""catalog:""]","Reuse Project 1 dependency after API/version compatibility verification"
"@workspace/mockup-sandbox","artifacts/mockup-sandbox/package.json","devDependencies","@types/react-dom","catalog:","[""catalog:""]","Reuse Project 1 dependency after API/version compatibility verification"
"@workspace/mockup-sandbox","artifacts/mockup-sandbox/package.json","devDependencies","@vitejs/plugin-react","catalog:","[""catalog:""]","Reuse Project 1 dependency after API/version compatibility verification"
"@workspace/mockup-sandbox","artifacts/mockup-sandbox/package.json","devDependencies","chokidar","^4.0.3","[""^4.0.3""]","Reuse Project 1 dependency after API/version compatibility verification"
"@workspace/mockup-sandbox","artifacts/mockup-sandbox/package.json","devDependencies","class-variance-authority","catalog:","[""catalog:""]","Reuse Project 1 dependency after API/version compatibility verification"
"@workspace/mockup-sandbox","artifacts/mockup-sandbox/package.json","devDependencies","clsx","catalog:","[""catalog:""]","Reuse Project 1 dependency after API/version compatibility verification"
"@workspace/mockup-sandbox","artifacts/mockup-sandbox/package.json","devDependencies","cmdk","^1.1.1","[""^1.1.1""]","Reuse Project 1 dependency after API/version compatibility verification"
"@workspace/mockup-sandbox","artifacts/mockup-sandbox/package.json","devDependencies","date-fns","^3.6.0","[""^3.6.0""]","Reuse Project 1 dependency after API/version compatibility verification"
"@workspace/mockup-sandbox","artifacts/mockup-sandbox/package.json","devDependencies","embla-carousel-react","^8.6.0","[""^8.6.0""]","Reuse Project 1 dependency after API/version compatibility verification"
"@workspace/mockup-sandbox","artifacts/mockup-sandbox/package.json","devDependencies","fast-glob","^3.3.3","[""^3.3.3""]","Reuse Project 1 dependency after API/version compatibility verification"
"@workspace/mockup-sandbox","artifacts/mockup-sandbox/package.json","devDependencies","framer-motion","catalog:","[""catalog:""]","Reuse Project 1 dependency after API/version compatibility verification"
"@workspace/mockup-sandbox","artifacts/mockup-sandbox/package.json","devDependencies","input-otp","^1.5.0","[""^1.4.2""]","Reuse Project 1 dependency after API/version compatibility verification"
"@workspace/mockup-sandbox","artifacts/mockup-sandbox/package.json","devDependencies","lucide-react","catalog:","[""catalog:""]","Reuse Project 1 dependency after API/version compatibility verification"
"@workspace/mockup-sandbox","artifacts/mockup-sandbox/package.json","devDependencies","next-themes","^0.4.6","[""^0.4.6""]","Reuse Project 1 dependency after API/version compatibility verification"
"@workspace/mockup-sandbox","artifacts/mockup-sandbox/package.json","devDependencies","react","catalog:","[""catalog:"","">=18""]","Reuse Project 1 dependency after API/version compatibility verification"
"@workspace/mockup-sandbox","artifacts/mockup-sandbox/package.json","devDependencies","react-day-picker","^9.14.0","[""^9.11.1"",""^9.14.0""]","Reuse Project 1 dependency after API/version compatibility verification"
"@workspace/mockup-sandbox","artifacts/mockup-sandbox/package.json","devDependencies","react-dom","catalog:","[""catalog:""]","Reuse Project 1 dependency after API/version compatibility verification"
"@workspace/mockup-sandbox","artifacts/mockup-sandbox/package.json","devDependencies","react-hook-form","^7.87.0","[""^7.55.0"",""^7.83.0""]","Reuse Project 1 dependency after API/version compatibility verification"
"@workspace/mockup-sandbox","artifacts/mockup-sandbox/package.json","devDependencies","react-resizable-panels","^2.1.9","[""^2.1.7"",""^2.1.9""]","Reuse Project 1 dependency after API/version compatibility verification"
"@workspace/mockup-sandbox","artifacts/mockup-sandbox/package.json","devDependencies","recharts","^2.15.4","[""^2.15.2"",""^2.15.4""]","Reuse Project 1 dependency after API/version compatibility verification"
"@workspace/mockup-sandbox","artifacts/mockup-sandbox/package.json","devDependencies","sonner","^2.0.8","[""^2.0.7""]","Reuse Project 1 dependency after API/version compatibility verification"
"@workspace/mockup-sandbox","artifacts/mockup-sandbox/package.json","devDependencies","tailwind-merge","catalog:","[""catalog:""]","Reuse Project 1 dependency after API/version compatibility verification"
"@workspace/mockup-sandbox","artifacts/mockup-sandbox/package.json","devDependencies","tailwindcss","catalog:","[""catalog:""]","Reuse Project 1 dependency after API/version compatibility verification"
"@workspace/mockup-sandbox","artifacts/mockup-sandbox/package.json","devDependencies","tailwindcss-animate","^1.0.7","[""^1.0.7""]","Reuse Project 1 dependency after API/version compatibility verification"
"@workspace/mockup-sandbox","artifacts/mockup-sandbox/package.json","devDependencies","tw-animate-css","^1.4.0","[""^1.4.0""]","Reuse Project 1 dependency after API/version compatibility verification"
"@workspace/mockup-sandbox","artifacts/mockup-sandbox/package.json","devDependencies","vaul","^1.1.2","[""^1.1.2""]","Reuse Project 1 dependency after API/version compatibility verification"
"@workspace/mockup-sandbox","artifacts/mockup-sandbox/package.json","devDependencies","vite","catalog:","[""catalog:""]","Reuse Project 1 dependency after API/version compatibility verification"
"@workspace/mockup-sandbox","artifacts/mockup-sandbox/package.json","devDependencies","zod","catalog:","[""catalog:""]","Reuse Project 1 dependency after API/version compatibility verification"
"@workspace/private-label-console","artifacts/private-label-console/package.json","dependencies","@clerk/react","^6.17.5","[""^6.14.5""]","Reuse Project 1 dependency after API/version compatibility verification"
"@workspace/private-label-console","artifacts/private-label-console/package.json","dependencies","@clerk/themes","^2.4.57","[""^2.4.57""]","Reuse Project 1 dependency after API/version compatibility verification"
"@workspace/private-label-console","artifacts/private-label-console/package.json","devDependencies","@hookform/resolvers","^3.10.0","[""^3.10.0""]","Reuse Project 1 dependency after API/version compatibility verification"
"@workspace/private-label-console","artifacts/private-label-console/package.json","devDependencies","@radix-ui/react-accordion","^1.2.4","[""^1.2.4"",""^1.2.20""]","Reuse Project 1 dependency after API/version compatibility verification"
"@workspace/private-label-console","artifacts/private-label-console/package.json","devDependencies","@radix-ui/react-alert-dialog","^1.1.7","[""^1.1.7"",""^1.1.23""]","Reuse Project 1 dependency after API/version compatibility verification"
"@workspace/private-label-console","artifacts/private-label-console/package.json","devDependencies","@radix-ui/react-aspect-ratio","^1.1.3","[""^1.1.3"",""^1.1.15""]","Reuse Project 1 dependency after API/version compatibility verification"
"@workspace/private-label-console","artifacts/private-label-console/package.json","devDependencies","@radix-ui/react-avatar","^1.1.4","[""^1.1.4"",""^1.2.6""]","Reuse Project 1 dependency after API/version compatibility verification"
"@workspace/private-label-console","artifacts/private-label-console/package.json","devDependencies","@radix-ui/react-checkbox","^1.1.5","[""^1.1.5"",""^1.3.11""]","Reuse Project 1 dependency after API/version compatibility verification"
"@workspace/private-label-console","artifacts/private-label-console/package.json","devDependencies","@radix-ui/react-collapsible","^1.1.4","[""^1.1.4"",""^1.1.20""]","Reuse Project 1 dependency after API/version compatibility verification"
"@workspace/private-label-console","artifacts/private-label-console/package.json","devDependencies","@radix-ui/react-context-menu","^2.2.7","[""^2.2.7"",""^2.3.7""]","Reuse Project 1 dependency after API/version compatibility verification"
"@workspace/private-label-console","artifacts/private-label-console/package.json","devDependencies","@radix-ui/react-dialog","^1.1.7","[""^1.1.7"",""^1.1.23""]","Reuse Project 1 dependency after API/version compatibility verification"
"@workspace/private-label-console","artifacts/private-label-console/package.json","devDependencies","@radix-ui/react-dropdown-menu","^2.1.7","[""^2.1.7"",""^2.1.24""]","Reuse Project 1 dependency after API/version compatibility verification"
"@workspace/private-label-console","artifacts/private-label-console/package.json","devDependencies","@radix-ui/react-hover-card","^1.1.7","[""^1.1.7"",""^1.1.23""]","Reuse Project 1 dependency after API/version compatibility verification"
"@workspace/private-label-console","artifacts/private-label-console/package.json","devDependencies","@radix-ui/react-label","^2.1.3","[""^2.1.3"",""^2.1.15""]","Reuse Project 1 dependency after API/version compatibility verification"
"@workspace/private-label-console","artifacts/private-label-console/package.json","devDependencies","@radix-ui/react-menubar","^1.1.7","[""^1.1.7"",""^1.1.24""]","Reuse Project 1 dependency after API/version compatibility verification"
"@workspace/private-label-console","artifacts/private-label-console/package.json","devDependencies","@radix-ui/react-navigation-menu","^1.2.6","[""^1.2.6"",""^1.2.22""]","Reuse Project 1 dependency after API/version compatibility verification"
"@workspace/private-label-console","artifacts/private-label-console/package.json","devDependencies","@radix-ui/react-popover","^1.1.7","[""^1.1.7"",""^1.1.23""]","Reuse Project 1 dependency after API/version compatibility verification"
"@workspace/private-label-console","artifacts/private-label-console/package.json","devDependencies","@radix-ui/react-progress","^1.1.3","[""^1.1.3"",""^1.1.16""]","Reuse Project 1 dependency after API/version compatibility verification"
"@workspace/private-label-console","artifacts/private-label-console/package.json","devDependencies","@radix-ui/react-radio-group","^1.2.4","[""^1.2.4"",""^1.4.7""]","Reuse Project 1 dependency after API/version compatibility verification"
"@workspace/private-label-console","artifacts/private-label-console/package.json","devDependencies","@radix-ui/react-scroll-area","^1.2.4","[""^1.2.4"",""^1.2.18""]","Reuse Project 1 dependency after API/version compatibility verification"
"@workspace/private-label-console","artifacts/private-label-console/package.json","devDependencies","@radix-ui/react-select","^2.1.7","[""^2.1.7"",""^2.3.7""]","Reuse Project 1 dependency after API/version compatibility verification"
"@workspace/private-label-console","artifacts/private-label-console/package.json","devDependencies","@radix-ui/react-separator","^1.1.3","[""^1.1.3"",""^1.1.15""]","Reuse Project 1 dependency after API/version compatibility verification"
"@workspace/private-label-console","artifacts/private-label-console/package.json","devDependencies","@radix-ui/react-slider","^1.2.4","[""^1.2.4"",""^1.4.7""]","Reuse Project 1 dependency after API/version compatibility verification"
"@workspace/private-label-console","artifacts/private-label-console/package.json","devDependencies","@radix-ui/react-slot","^1.2.0","[""^1.2.0"",""^1.3.3""]","Reuse Project 1 dependency after API/version compatibility verification"
"@workspace/private-label-console","artifacts/private-label-console/package.json","devDependencies","@radix-ui/react-switch","^1.1.4","[""^1.1.4"",""^1.3.7""]","Reuse Project 1 dependency after API/version compatibility verification"
"@workspace/private-label-console","artifacts/private-label-console/package.json","devDependencies","@radix-ui/react-tabs","^1.1.4","[""^1.1.4"",""^1.1.21""]","Reuse Project 1 dependency after API/version compatibility verification"
"@workspace/private-label-console","artifacts/private-label-console/package.json","devDependencies","@radix-ui/react-toast","^1.2.7","[""^1.2.7"",""^1.2.23""]","Reuse Project 1 dependency after API/version compatibility verification"
"@workspace/private-label-console","artifacts/private-label-console/package.json","devDependencies","@radix-ui/react-toggle","^1.1.3","[""^1.1.3"",""^1.1.18""]","Reuse Project 1 dependency after API/version compatibility verification"
"@workspace/private-label-console","artifacts/private-label-console/package.json","devDependencies","@radix-ui/react-toggle-group","^1.1.3","[""^1.1.3"",""^1.1.19""]","Reuse Project 1 dependency after API/version compatibility verification"
"@workspace/private-label-console","artifacts/private-label-console/package.json","devDependencies","@radix-ui/react-tooltip","^1.2.0","[""^1.2.0"",""^1.2.16""]","Reuse Project 1 dependency after API/version compatibility verification"
"@workspace/private-label-console","artifacts/private-label-console/package.json","devDependencies","@replit/vite-plugin-cartographer","catalog:","[""catalog:""]","Reuse Project 1 dependency after API/version compatibility verification"
"@workspace/private-label-console","artifacts/private-label-console/package.json","devDependencies","@replit/vite-plugin-dev-banner","catalog:","[""catalog:""]","Reuse Project 1 dependency after API/version compatibility verification"
"@workspace/private-label-console","artifacts/private-label-console/package.json","devDependencies","@replit/vite-plugin-runtime-error-modal","catalog:","[""catalog:""]","Reuse Project 1 dependency after API/version compatibility verification"
"@workspace/private-label-console","artifacts/private-label-console/package.json","devDependencies","@tailwindcss/typography","^0.5.15","[""^0.5.15""]","Reuse Project 1 dependency after API/version compatibility verification"
"@workspace/private-label-console","artifacts/private-label-console/package.json","devDependencies","@tailwindcss/vite","catalog:","[""catalog:""]","Reuse Project 1 dependency after API/version compatibility verification"
"@workspace/private-label-console","artifacts/private-label-console/package.json","devDependencies","@tanstack/react-query","catalog:","[""catalog:""]","Reuse Project 1 dependency after API/version compatibility verification"
"@workspace/private-label-console","artifacts/private-label-console/package.json","devDependencies","@types/node","catalog:","[""catalog:""]","Reuse Project 1 dependency after API/version compatibility verification"
"@workspace/private-label-console","artifacts/private-label-console/package.json","devDependencies","@types/react","catalog:","[""catalog:""]","Reuse Project 1 dependency after API/version compatibility verification"
"@workspace/private-label-console","artifacts/private-label-console/package.json","devDependencies","@types/react-dom","catalog:","[""catalog:""]","Reuse Project 1 dependency after API/version compatibility verification"
"@workspace/private-label-console","artifacts/private-label-console/package.json","devDependencies","@vitejs/plugin-react","catalog:","[""catalog:""]","Reuse Project 1 dependency after API/version compatibility verification"
"@workspace/private-label-console","artifacts/private-label-console/package.json","devDependencies","@workspace/api-client-react","workspace:*","[""workspace:*""]","Adapt workspace identity/imports; do not overwrite packages"
"@workspace/private-label-console","artifacts/private-label-console/package.json","devDependencies","class-variance-authority","catalog:","[""catalog:""]","Reuse Project 1 dependency after API/version compatibility verification"
"@workspace/private-label-console","artifacts/private-label-console/package.json","devDependencies","clsx","catalog:","[""catalog:""]","Reuse Project 1 dependency after API/version compatibility verification"
"@workspace/private-label-console","artifacts/private-label-console/package.json","devDependencies","cmdk","^1.1.1","[""^1.1.1""]","Reuse Project 1 dependency after API/version compatibility verification"
"@workspace/private-label-console","artifacts/private-label-console/package.json","devDependencies","date-fns","^3.6.0","[""^3.6.0""]","Reuse Project 1 dependency after API/version compatibility verification"
"@workspace/private-label-console","artifacts/private-label-console/package.json","devDependencies","embla-carousel-react","^8.6.0","[""^8.6.0""]","Reuse Project 1 dependency after API/version compatibility verification"
"@workspace/private-label-console","artifacts/private-label-console/package.json","devDependencies","framer-motion","catalog:","[""catalog:""]","Reuse Project 1 dependency after API/version compatibility verification"
"@workspace/private-label-console","artifacts/private-label-console/package.json","devDependencies","input-otp","^1.4.2","[""^1.4.2""]","Reuse Project 1 dependency after API/version compatibility verification"
"@workspace/private-label-console","artifacts/private-label-console/package.json","devDependencies","lucide-react","catalog:","[""catalog:""]","Reuse Project 1 dependency after API/version compatibility verification"
"@workspace/private-label-console","artifacts/private-label-console/package.json","devDependencies","next-themes","^0.4.6","[""^0.4.6""]","Reuse Project 1 dependency after API/version compatibility verification"
"@workspace/private-label-console","artifacts/private-label-console/package.json","devDependencies","react","~19.1.4","[""catalog:"","">=18""]","Reuse Project 1 dependency after API/version compatibility verification"
"@workspace/private-label-console","artifacts/private-label-console/package.json","devDependencies","react-day-picker","^9.11.1","[""^9.11.1"",""^9.14.0""]","Reuse Project 1 dependency after API/version compatibility verification"
"@workspace/private-label-console","artifacts/private-label-console/package.json","devDependencies","react-dom","~19.1.4","[""catalog:""]","Reuse Project 1 dependency after API/version compatibility verification"
"@workspace/private-label-console","artifacts/private-label-console/package.json","devDependencies","react-hook-form","^7.55.0","[""^7.55.0"",""^7.83.0""]","Reuse Project 1 dependency after API/version compatibility verification"
"@workspace/private-label-console","artifacts/private-label-console/package.json","devDependencies","react-icons","^5.4.0","[""^5.4.0""]","Reuse Project 1 dependency after API/version compatibility verification"
"@workspace/private-label-console","artifacts/private-label-console/package.json","devDependencies","react-resizable-panels","^2.1.7","[""^2.1.7"",""^2.1.9""]","Reuse Project 1 dependency after API/version compatibility verification"
"@workspace/private-label-console","artifacts/private-label-console/package.json","devDependencies","recharts","^2.15.2","[""^2.15.2"",""^2.15.4""]","Reuse Project 1 dependency after API/version compatibility verification"
"@workspace/private-label-console","artifacts/private-label-console/package.json","devDependencies","sonner","^2.0.7","[""^2.0.7""]","Reuse Project 1 dependency after API/version compatibility verification"
"@workspace/private-label-console","artifacts/private-label-console/package.json","devDependencies","tailwind-merge","catalog:","[""catalog:""]","Reuse Project 1 dependency after API/version compatibility verification"
"@workspace/private-label-console","artifacts/private-label-console/package.json","devDependencies","tailwindcss","catalog:","[""catalog:""]","Reuse Project 1 dependency after API/version compatibility verification"
"@workspace/private-label-console","artifacts/private-label-console/package.json","devDependencies","tw-animate-css","^1.4.0","[""^1.4.0""]","Reuse Project 1 dependency after API/version compatibility verification"
"@workspace/private-label-console","artifacts/private-label-console/package.json","devDependencies","vaul","^1.1.2","[""^1.1.2""]","Reuse Project 1 dependency after API/version compatibility verification"
"@workspace/private-label-console","artifacts/private-label-console/package.json","devDependencies","vite","catalog:","[""catalog:""]","Reuse Project 1 dependency after API/version compatibility verification"
"@workspace/private-label-console","artifacts/private-label-console/package.json","devDependencies","wouter","^3.3.5","[""^3.3.5""]","Reuse Project 1 dependency after API/version compatibility verification"
"@workspace/private-label-console","artifacts/private-label-console/package.json","devDependencies","zod","catalog:","[""catalog:""]","Reuse Project 1 dependency after API/version compatibility verification"
"@workspace/private-label-website","artifacts/private-label-website/package.json","devDependencies","@hookform/resolvers","^3.10.0","[""^3.10.0""]","Reuse Project 1 dependency after API/version compatibility verification"
"@workspace/private-label-website","artifacts/private-label-website/package.json","devDependencies","@radix-ui/react-accordion","^1.2.4","[""^1.2.4"",""^1.2.20""]","Reuse Project 1 dependency after API/version compatibility verification"
"@workspace/private-label-website","artifacts/private-label-website/package.json","devDependencies","@radix-ui/react-alert-dialog","^1.1.7","[""^1.1.7"",""^1.1.23""]","Reuse Project 1 dependency after API/version compatibility verification"
"@workspace/private-label-website","artifacts/private-label-website/package.json","devDependencies","@radix-ui/react-aspect-ratio","^1.1.3","[""^1.1.3"",""^1.1.15""]","Reuse Project 1 dependency after API/version compatibility verification"
"@workspace/private-label-website","artifacts/private-label-website/package.json","devDependencies","@radix-ui/react-avatar","^1.1.4","[""^1.1.4"",""^1.2.6""]","Reuse Project 1 dependency after API/version compatibility verification"
"@workspace/private-label-website","artifacts/private-label-website/package.json","devDependencies","@radix-ui/react-checkbox","^1.1.5","[""^1.1.5"",""^1.3.11""]","Reuse Project 1 dependency after API/version compatibility verification"
"@workspace/private-label-website","artifacts/private-label-website/package.json","devDependencies","@radix-ui/react-collapsible","^1.1.4","[""^1.1.4"",""^1.1.20""]","Reuse Project 1 dependency after API/version compatibility verification"
"@workspace/private-label-website","artifacts/private-label-website/package.json","devDependencies","@radix-ui/react-context-menu","^2.2.7","[""^2.2.7"",""^2.3.7""]","Reuse Project 1 dependency after API/version compatibility verification"
"@workspace/private-label-website","artifacts/private-label-website/package.json","devDependencies","@radix-ui/react-dialog","^1.1.7","[""^1.1.7"",""^1.1.23""]","Reuse Project 1 dependency after API/version compatibility verification"
"@workspace/private-label-website","artifacts/private-label-website/package.json","devDependencies","@radix-ui/react-dropdown-menu","^2.1.7","[""^2.1.7"",""^2.1.24""]","Reuse Project 1 dependency after API/version compatibility verification"
"@workspace/private-label-website","artifacts/private-label-website/package.json","devDependencies","@radix-ui/react-hover-card","^1.1.7","[""^1.1.7"",""^1.1.23""]","Reuse Project 1 dependency after API/version compatibility verification"
"@workspace/private-label-website","artifacts/private-label-website/package.json","devDependencies","@radix-ui/react-label","^2.1.3","[""^2.1.3"",""^2.1.15""]","Reuse Project 1 dependency after API/version compatibility verification"
"@workspace/private-label-website","artifacts/private-label-website/package.json","devDependencies","@radix-ui/react-menubar","^1.1.7","[""^1.1.7"",""^1.1.24""]","Reuse Project 1 dependency after API/version compatibility verification"
"@workspace/private-label-website","artifacts/private-label-website/package.json","devDependencies","@radix-ui/react-navigation-menu","^1.2.6","[""^1.2.6"",""^1.2.22""]","Reuse Project 1 dependency after API/version compatibility verification"
"@workspace/private-label-website","artifacts/private-label-website/package.json","devDependencies","@radix-ui/react-popover","^1.1.7","[""^1.1.7"",""^1.1.23""]","Reuse Project 1 dependency after API/version compatibility verification"
"@workspace/private-label-website","artifacts/private-label-website/package.json","devDependencies","@radix-ui/react-progress","^1.1.3","[""^1.1.3"",""^1.1.16""]","Reuse Project 1 dependency after API/version compatibility verification"
"@workspace/private-label-website","artifacts/private-label-website/package.json","devDependencies","@radix-ui/react-radio-group","^1.2.4","[""^1.2.4"",""^1.4.7""]","Reuse Project 1 dependency after API/version compatibility verification"
"@workspace/private-label-website","artifacts/private-label-website/package.json","devDependencies","@radix-ui/react-scroll-area","^1.2.4","[""^1.2.4"",""^1.2.18""]","Reuse Project 1 dependency after API/version compatibility verification"
"@workspace/private-label-website","artifacts/private-label-website/package.json","devDependencies","@radix-ui/react-select","^2.1.7","[""^2.1.7"",""^2.3.7""]","Reuse Project 1 dependency after API/version compatibility verification"
"@workspace/private-label-website","artifacts/private-label-website/package.json","devDependencies","@radix-ui/react-separator","^1.1.3","[""^1.1.3"",""^1.1.15""]","Reuse Project 1 dependency after API/version compatibility verification"
"@workspace/private-label-website","artifacts/private-label-website/package.json","devDependencies","@radix-ui/react-slider","^1.2.4","[""^1.2.4"",""^1.4.7""]","Reuse Project 1 dependency after API/version compatibility verification"
"@workspace/private-label-website","artifacts/private-label-website/package.json","devDependencies","@radix-ui/react-slot","^1.2.0","[""^1.2.0"",""^1.3.3""]","Reuse Project 1 dependency after API/version compatibility verification"
"@workspace/private-label-website","artifacts/private-label-website/package.json","devDependencies","@radix-ui/react-switch","^1.1.4","[""^1.1.4"",""^1.3.7""]","Reuse Project 1 dependency after API/version compatibility verification"
"@workspace/private-label-website","artifacts/private-label-website/package.json","devDependencies","@radix-ui/react-tabs","^1.1.4","[""^1.1.4"",""^1.1.21""]","Reuse Project 1 dependency after API/version compatibility verification"
"@workspace/private-label-website","artifacts/private-label-website/package.json","devDependencies","@radix-ui/react-toast","^1.2.7","[""^1.2.7"",""^1.2.23""]","Reuse Project 1 dependency after API/version compatibility verification"
"@workspace/private-label-website","artifacts/private-label-website/package.json","devDependencies","@radix-ui/react-toggle","^1.1.3","[""^1.1.3"",""^1.1.18""]","Reuse Project 1 dependency after API/version compatibility verification"
"@workspace/private-label-website","artifacts/private-label-website/package.json","devDependencies","@radix-ui/react-toggle-group","^1.1.3","[""^1.1.3"",""^1.1.19""]","Reuse Project 1 dependency after API/version compatibility verification"
"@workspace/private-label-website","artifacts/private-label-website/package.json","devDependencies","@radix-ui/react-tooltip","^1.2.0","[""^1.2.0"",""^1.2.16""]","Reuse Project 1 dependency after API/version compatibility verification"
"@workspace/private-label-website","artifacts/private-label-website/package.json","devDependencies","@replit/vite-plugin-cartographer","catalog:","[""catalog:""]","Reuse Project 1 dependency after API/version compatibility verification"
"@workspace/private-label-website","artifacts/private-label-website/package.json","devDependencies","@replit/vite-plugin-dev-banner","catalog:","[""catalog:""]","Reuse Project 1 dependency after API/version compatibility verification"
"@workspace/private-label-website","artifacts/private-label-website/package.json","devDependencies","@replit/vite-plugin-runtime-error-modal","catalog:","[""catalog:""]","Reuse Project 1 dependency after API/version compatibility verification"
"@workspace/private-label-website","artifacts/private-label-website/package.json","devDependencies","@tailwindcss/typography","^0.5.15","[""^0.5.15""]","Reuse Project 1 dependency after API/version compatibility verification"
"@workspace/private-label-website","artifacts/private-label-website/package.json","devDependencies","@tailwindcss/vite","catalog:","[""catalog:""]","Reuse Project 1 dependency after API/version compatibility verification"
"@workspace/private-label-website","artifacts/private-label-website/package.json","devDependencies","@tanstack/react-query","catalog:","[""catalog:""]","Reuse Project 1 dependency after API/version compatibility verification"
"@workspace/private-label-website","artifacts/private-label-website/package.json","devDependencies","@types/node","catalog:","[""catalog:""]","Reuse Project 1 dependency after API/version compatibility verification"
"@workspace/private-label-website","artifacts/private-label-website/package.json","devDependencies","@types/react","catalog:","[""catalog:""]","Reuse Project 1 dependency after API/version compatibility verification"
"@workspace/private-label-website","artifacts/private-label-website/package.json","devDependencies","@types/react-dom","catalog:","[""catalog:""]","Reuse Project 1 dependency after API/version compatibility verification"
"@workspace/private-label-website","artifacts/private-label-website/package.json","devDependencies","@vitejs/plugin-react","catalog:","[""catalog:""]","Reuse Project 1 dependency after API/version compatibility verification"
"@workspace/private-label-website","artifacts/private-label-website/package.json","devDependencies","@workspace/api-client-react","workspace:*","[""workspace:*""]","Adapt workspace identity/imports; do not overwrite packages"
"@workspace/private-label-website","artifacts/private-label-website/package.json","devDependencies","class-variance-authority","catalog:","[""catalog:""]","Reuse Project 1 dependency after API/version compatibility verification"
"@workspace/private-label-website","artifacts/private-label-website/package.json","devDependencies","clsx","catalog:","[""catalog:""]","Reuse Project 1 dependency after API/version compatibility verification"
"@workspace/private-label-website","artifacts/private-label-website/package.json","devDependencies","cmdk","^1.1.1","[""^1.1.1""]","Reuse Project 1 dependency after API/version compatibility verification"
"@workspace/private-label-website","artifacts/private-label-website/package.json","devDependencies","date-fns","^3.6.0","[""^3.6.0""]","Reuse Project 1 dependency after API/version compatibility verification"
"@workspace/private-label-website","artifacts/private-label-website/package.json","devDependencies","embla-carousel-react","^8.6.0","[""^8.6.0""]","Reuse Project 1 dependency after API/version compatibility verification"
"@workspace/private-label-website","artifacts/private-label-website/package.json","devDependencies","framer-motion","catalog:","[""catalog:""]","Reuse Project 1 dependency after API/version compatibility verification"
"@workspace/private-label-website","artifacts/private-label-website/package.json","devDependencies","input-otp","^1.4.2","[""^1.4.2""]","Reuse Project 1 dependency after API/version compatibility verification"
"@workspace/private-label-website","artifacts/private-label-website/package.json","devDependencies","lucide-react","catalog:","[""catalog:""]","Reuse Project 1 dependency after API/version compatibility verification"
"@workspace/private-label-website","artifacts/private-label-website/package.json","devDependencies","next-themes","^0.4.6","[""^0.4.6""]","Reuse Project 1 dependency after API/version compatibility verification"
"@workspace/private-label-website","artifacts/private-label-website/package.json","devDependencies","react","catalog:","[""catalog:"","">=18""]","Reuse Project 1 dependency after API/version compatibility verification"
"@workspace/private-label-website","artifacts/private-label-website/package.json","devDependencies","react-day-picker","^9.11.1","[""^9.11.1"",""^9.14.0""]","Reuse Project 1 dependency after API/version compatibility verification"
"@workspace/private-label-website","artifacts/private-label-website/package.json","devDependencies","react-dom","catalog:","[""catalog:""]","Reuse Project 1 dependency after API/version compatibility verification"
"@workspace/private-label-website","artifacts/private-label-website/package.json","devDependencies","react-hook-form","^7.55.0","[""^7.55.0"",""^7.83.0""]","Reuse Project 1 dependency after API/version compatibility verification"
"@workspace/private-label-website","artifacts/private-label-website/package.json","devDependencies","react-icons","^5.4.0","[""^5.4.0""]","Reuse Project 1 dependency after API/version compatibility verification"
"@workspace/private-label-website","artifacts/private-label-website/package.json","devDependencies","react-resizable-panels","^2.1.7","[""^2.1.7"",""^2.1.9""]","Reuse Project 1 dependency after API/version compatibility verification"
"@workspace/private-label-website","artifacts/private-label-website/package.json","devDependencies","recharts","^2.15.2","[""^2.15.2"",""^2.15.4""]","Reuse Project 1 dependency after API/version compatibility verification"
"@workspace/private-label-website","artifacts/private-label-website/package.json","devDependencies","sonner","^2.0.7","[""^2.0.7""]","Reuse Project 1 dependency after API/version compatibility verification"
"@workspace/private-label-website","artifacts/private-label-website/package.json","devDependencies","tailwind-merge","catalog:","[""catalog:""]","Reuse Project 1 dependency after API/version compatibility verification"
"@workspace/private-label-website","artifacts/private-label-website/package.json","devDependencies","tailwindcss","catalog:","[""catalog:""]","Reuse Project 1 dependency after API/version compatibility verification"
"@workspace/private-label-website","artifacts/private-label-website/package.json","devDependencies","tw-animate-css","^1.4.0","[""^1.4.0""]","Reuse Project 1 dependency after API/version compatibility verification"
"@workspace/private-label-website","artifacts/private-label-website/package.json","devDependencies","vaul","^1.1.2","[""^1.1.2""]","Reuse Project 1 dependency after API/version compatibility verification"
"@workspace/private-label-website","artifacts/private-label-website/package.json","devDependencies","vite","catalog:","[""catalog:""]","Reuse Project 1 dependency after API/version compatibility verification"
"@workspace/private-label-website","artifacts/private-label-website/package.json","devDependencies","wouter","^3.3.5","[""^3.3.5""]","Reuse Project 1 dependency after API/version compatibility verification"
"@workspace/private-label-website","artifacts/private-label-website/package.json","devDependencies","zod","catalog:","[""catalog:""]","Reuse Project 1 dependency after API/version compatibility verification"
"@workspace/api-client-react","lib/api-client-react/package.json","dependencies","@tanstack/react-query","catalog:","[""catalog:""]","Reuse Project 1 dependency after API/version compatibility verification"
"@workspace/api-client-react","lib/api-client-react/package.json","peerDependencies","react",">=18","[""catalog:"","">=18""]","Reuse Project 1 dependency after API/version compatibility verification"
"@workspace/api-spec","lib/api-spec/package.json","devDependencies","orval","^8.30.0","[""^8.23.0""]","Reuse Project 1 dependency after API/version compatibility verification"
"@workspace/api-zod","lib/api-zod/package.json","dependencies","zod","catalog:","[""catalog:""]","Reuse Project 1 dependency after API/version compatibility verification"
"@workspace/db","lib/db/package.json","dependencies","drizzle-orm","catalog:","[""catalog:""]","Reuse Project 1 dependency after API/version compatibility verification"
"@workspace/db","lib/db/package.json","dependencies","drizzle-zod","^0.8.3","[""^0.8.3""]","Reuse Project 1 dependency after API/version compatibility verification"
"@workspace/db","lib/db/package.json","dependencies","pg","^8.23.0","[""^8.22.0""]","Reuse Project 1 dependency after API/version compatibility verification"
"@workspace/db","lib/db/package.json","dependencies","zod","catalog:","[""catalog:""]","Reuse Project 1 dependency after API/version compatibility verification"
"@workspace/db","lib/db/package.json","devDependencies","@types/node","catalog:","[""catalog:""]","Reuse Project 1 dependency after API/version compatibility verification"
"@workspace/db","lib/db/package.json","devDependencies","@types/pg","^8.23.1","[""^8.20.0""]","Reuse Project 1 dependency after API/version compatibility verification"
"@workspace/db","lib/db/package.json","devDependencies","drizzle-kit","^0.31.10","[""^0.31.10""]","Reuse Project 1 dependency after API/version compatibility verification"
"@workspace/scripts","scripts/package.json","devDependencies","@workspace/db","workspace:*","[""workspace:*""]","Adapt workspace identity/imports; do not overwrite packages"
"@workspace/scripts","scripts/package.json","devDependencies","@types/node","catalog:","[""catalog:""]","Reuse Project 1 dependency after API/version compatibility verification"
"@workspace/scripts","scripts/package.json","devDependencies","tsx","catalog:","[""^4.20.6"",""catalog:""]","Reuse Project 1 dependency after API/version compatibility verification"
