"name","files","exposure","category"
"BASE_PATH","[""artifacts/mockup-sandbox/vite.config.ts"",""artifacts/private-label-console/vite.config.ts"",""artifacts/private-label-website/vite.config.ts""]","server/tooling","runtime/development/deployment"
"BASE_URL","[""artifacts/mockup-sandbox/src/App.tsx"",""artifacts/private-label-console/src/App.tsx"",""artifacts/private-label-console/src/components/app/customer-shell.tsx"",""artifacts/private-label-console/src/components/landing/live-demo.tsx"",""artifacts/private-label-console/src/components/landing/showcase-brand.tsx"",""artifacts/private-label-console/src/lib/brand.ts"",""artifacts/private-label-console/src/lib/wl.ts"",""artifacts/private-label-console/src/pages/demo-admin.tsx"",""artifacts/private-label-website/src/App.tsx"",""artifacts/private-label-website/src/components/exchange-widget.tsx"",""artifacts/private-label-website/src/components/site-shell.tsx"",""artifacts/private-label-website/src/lib/anchors.ts"",""artifacts/private-label-website/src/pages/not-found.tsx""]","browser-visible/Vite built-in: never secret","Vite built-in, not a user-provided secret"
"CLERK_PUBLISHABLE_KEY","[""artifacts/api-server/src/app.ts""]","server/tooling","required platform authentication/database"
"CLERK_SECRET_KEY","[""artifacts/api-server/src/middlewares/clerkProxyMiddleware.ts""]","server/tooling","required platform authentication/database"
"DATABASE_URL","[""lib/db/drizzle.config.ts"",""lib/db/src/index.ts""]","server/tooling","required platform authentication/database"
"DEMO_VERIFY_BASE","[""artifacts/api-server/src/verification/demo-session.ts""]","server/tooling","feature-dependent optional; inspect consumers"
"DEV","[""artifacts/private-label-console/src/components/error-boundary.tsx"",""artifacts/private-label-website/src/components/error-boundary.tsx""]","browser-visible/Vite built-in: never secret","Vite built-in, not a user-provided secret"
"LOG_LEVEL","[""artifacts/api-server/src/lib/logger.ts""]","server/tooling","runtime/development/deployment"
"NODE_ENV","[""artifacts/api-server/src/lib/logger.ts"",""artifacts/api-server/src/middlewares/clerkProxyMiddleware.ts"",""artifacts/api-server/src/modules/demo/session.ts"",""artifacts/api-server/src/verification/customer-fixtures.ts"",""artifacts/api-server/src/verification/customer.ts"",""artifacts/api-server/src/verification/dependency-reachability.mjs"",""artifacts/api-server/src/verification/exchange-admin-fixture.ts"",""artifacts/api-server/src/verification/exchange-sample.ts"",""artifacts/api-server/src/verification/exchange.ts"",""artifacts/api-server/src/verification/foundation.ts"",""artifacts/api-server/src/verification/import-visual-assets.ts"",""artifacts/api-server/src/verification/landing-catalog.ts"",""artifacts/api-server/src/verification/multi-tenant-security.ts"",""artifacts/api-server/src/verification/novax-demo.ts"",""artifacts/api-server/src/verification/order-attachments.ts"",""artifacts/api-server/src/verification/sample-sites.ts"",""artifacts/api-server/src/verification/security-fixtures.ts"",""artifacts/api-server/src/verification/style-sample-sites.ts"",""artifacts/api-server/src/verification/visual-assets.ts"",""artifacts/api-server/src/verification/website-branding.ts"",""artifacts/mockup-sandbox/vite.config.ts"",""artifacts/private-label-console/vite.config.ts"",""artifacts/private-label-website/scripts/capture-visuals.mjs"",""artifacts/private-label-website/vite.config.ts"",""scripts/src/assign-access.ts"",""scripts/src/remove-database-rls.ts"",""scripts/src/seed-catalog.ts"",""scripts/src/upgrade-core.ts"",""scripts/src/upgrade-landing-catalog.ts""]","server/tooling","runtime/development/deployment"
"PORT","[""artifacts/api-server/src/index.ts"",""artifacts/mockup-sandbox/vite.config.ts"",""artifacts/private-label-console/vite.config.ts"",""artifacts/private-label-website/vite.config.ts""]","server/tooling","runtime/development/deployment"
"PRIVATE_OBJECT_DIR","[""artifacts/api-server/src/modules/customer/order-files.ts"",""artifacts/api-server/src/products/exchange/visual-assets.ts""]","server/tooling","required for configured storage features"
"REPL_ID","[""artifacts/mockup-sandbox/vite.config.ts"",""artifacts/private-label-console/vite.config.ts"",""artifacts/private-label-website/vite.config.ts""]","server/tooling","feature-dependent optional; inspect consumers"
"REPLIT_DEV_DOMAIN","[""artifacts/api-server/src/verification/style-sample-sites.ts"",""artifacts/private-label-website/scripts/capture-visuals.mjs""]","server/tooling","runtime/development/deployment"
"SESSION_SECRET","[""artifacts/api-server/src/products/exchange/service.ts""]","server/tooling","feature-dependent optional; inspect consumers"
"VITE_CLERK_PROXY_URL","[""artifacts/private-label-console/src/App.tsx""]","browser-visible/Vite built-in: never secret","feature-dependent optional; inspect consumers"
"VITE_CLERK_PUBLISHABLE_KEY","[""artifacts/private-label-console/src/App.tsx""]","browser-visible/Vite built-in: never secret","required platform authentication/database"
