"method","path","file","line","middlewareHint"
"GET","/catalog/products","artifacts/api-server/src/routes/catalog.ts","9","[""requireAuthentication"",""sameOriginMutation""]"
"POST","/catalog/products","artifacts/api-server/src/routes/catalog.ts","12","[""requireAuthentication"",""sameOriginMutation""]"
"GET","/modules","artifacts/api-server/src/routes/catalog.ts","15","[]"
"GET","/asset-networks","artifacts/api-server/src/routes/catalog.ts","19","[]"
"GET","/customer/admin-panels","artifacts/api-server/src/routes/customer.ts","14","[]"
"GET","/customer/white-label-catalog","artifacts/api-server/src/routes/customer.ts","15","[]"
"GET","/customer/white-label-requests/:requestId","artifacts/api-server/src/routes/customer.ts","16","[]"
"GET","/operator/white-label-requests/:requestId","artifacts/api-server/src/routes/customer.ts","17","[]"
"POST","/operator/white-label-requests/:requestId/notes","artifacts/api-server/src/routes/customer.ts","18","[]"
"GET","/customer/white-label-requests","artifacts/api-server/src/routes/customer.ts","19","[]"
"POST","/customer/white-label-requests","artifacts/api-server/src/routes/customer.ts","20","[]"
"GET","/operator/white-label-requests","artifacts/api-server/src/routes/customer.ts","21","[]"
"PUT","/operator/white-label-requests/:requestId/review","artifacts/api-server/src/routes/customer.ts","22","[]"
"POST","/operator/white-label-requests/:requestId/provision","artifacts/api-server/src/routes/customer.ts","23","[]"
"GET","/demo/session","artifacts/api-server/src/routes/demo.ts","11","[""sameOriginMutation""]"
"POST","/demo/session","artifacts/api-server/src/routes/demo.ts","15","[""sameOriginMutation"",""sameOriginMutation""]"
"DELETE","/demo/session","artifacts/api-server/src/routes/demo.ts","19","[""sameOriginMutation""]"
"GET","/exchange/visual-catalog","artifacts/api-server/src/routes/exchange.ts","24","[]"
"GET","/exchange/visual-assets/:filename","artifacts/api-server/src/routes/exchange.ts","28","[]"
"GET","/public/sites/:slug/exchange","artifacts/api-server/src/routes/exchange.ts","58","[]"
"POST","/public/sites/:slug/exchange/quotes","artifacts/api-server/src/routes/exchange.ts","59","[]"
"POST","/public/sites/:slug/exchange/orders","artifacts/api-server/src/routes/exchange.ts","60","[]"
"GET","/public/sites/:slug/exchange/orders/:orderId","artifacts/api-server/src/routes/exchange.ts","61","[""requireAuthentication"",""sameOriginMutation""]"
"GET","/tenants/:tenantId/exchange","artifacts/api-server/src/routes/exchange.ts","66","[]"
"PUT","/tenants/:tenantId/exchange","artifacts/api-server/src/routes/exchange.ts","67","[]"
"GET","/tenants/:tenantId/exchange/dashboard","artifacts/api-server/src/routes/exchange.ts","72","[]"
"GET","/tenants/:tenantId/exchange/customers","artifacts/api-server/src/routes/exchange.ts","73","[]"
"GET","/tenants/:tenantId/exchange/audit","artifacts/api-server/src/routes/exchange.ts","74","[]"
"GET","/tenants/:tenantId/exchange/orders","artifacts/api-server/src/routes/exchange.ts","75","[]"
"GET","/tenants/:tenantId/exchange/orders/:orderId","artifacts/api-server/src/routes/exchange.ts","76","[]"
"PUT","/tenants/:tenantId/exchange/orders/:orderId","artifacts/api-server/src/routes/exchange.ts","80","[]"
"GET","/healthz","artifacts/api-server/src/routes/health.ts","6","[]"
"GET","/public/product-catalog","artifacts/api-server/src/routes/landing-catalog.ts","7","[""requireAuthentication""]"
"GET","/landing-products","artifacts/api-server/src/routes/landing-catalog.ts","11","[""requireAuthentication"",""requireAuthentication"",""sameOriginMutation""]"
"PUT","/landing-products/:productKey","artifacts/api-server/src/routes/landing-catalog.ts","15","[""requireAuthentication"",""sameOriginMutation""]"
"POST","/customer/order-attachments","artifacts/api-server/src/routes/order-files.ts","14","[]"
"GET","/customer/order-attachments/:id/content","artifacts/api-server/src/routes/order-files.ts","19","[]"
"GET","/entitlement-definitions","artifacts/api-server/src/routes/plans.ts","12","[]"
"GET","/plans","artifacts/api-server/src/routes/plans.ts","13","[]"
"POST","/plans","artifacts/api-server/src/routes/plans.ts","14","[]"
"GET","/plans/:planId","artifacts/api-server/src/routes/plans.ts","15","[]"
"PUT","/plans/:planId","artifacts/api-server/src/routes/plans.ts","19","[]"
"POST","/plans/:planId/duplicate","artifacts/api-server/src/routes/plans.ts","23","[]"
"PUT","/plans/:planId/status","artifacts/api-server/src/routes/plans.ts","27","[]"
"GET","/add-ons","artifacts/api-server/src/routes/plans.ts","31","[]"
"POST","/add-ons","artifacts/api-server/src/routes/plans.ts","32","[]"
"PUT","/add-ons/:addonId","artifacts/api-server/src/routes/plans.ts","33","[]"
"GET","/tenants/:tenantId/subscription","artifacts/api-server/src/routes/plans.ts","37","[]"
"PUT","/tenants/:tenantId/subscription/plan","artifacts/api-server/src/routes/plans.ts","41","[]"
"PUT","/tenants/:tenantId/subscription/add-ons","artifacts/api-server/src/routes/plans.ts","45","[]"
"PUT","/tenants/:tenantId/subscription/overrides","artifacts/api-server/src/routes/plans.ts","49","[]"
"PUT","/tenants/:tenantId/suspension","artifacts/api-server/src/routes/plans.ts","53","[]"
"PUT","/tenants/:tenantId/website-settings","artifacts/api-server/src/routes/plans.ts","58","[]"
"GET","/tenants/:tenantId/resources/:resourceType","artifacts/api-server/src/routes/plans.ts","62","[]"
"POST","/tenants/:tenantId/resources/:resourceType","artifacts/api-server/src/routes/plans.ts","66","[]"
"DELETE","/tenants/:tenantId/resources/:resourceType/:resourceId","artifacts/api-server/src/routes/plans.ts","70","[]"
"GET","/me","artifacts/api-server/src/routes/platform.ts","25","[]"
"GET","/overview","artifacts/api-server/src/routes/platform.ts","29","[]"
"GET","/activity","artifacts/api-server/src/routes/platform.ts","39","[]"
"GET","/tenants/:tenantId/administrators","artifacts/api-server/src/routes/tenants.ts","22","[]"
"POST","/tenants/:tenantId/administrators","artifacts/api-server/src/routes/tenants.ts","26","[]"
"PUT","/tenants/:tenantId/administrators/:userId","artifacts/api-server/src/routes/tenants.ts","31","[]"
"PUT","/tenants/:tenantId/staff/:userId/permissions","artifacts/api-server/src/routes/tenants.ts","35","[]"
"GET","/tenants/:tenantId/domain-verification","artifacts/api-server/src/routes/tenants.ts","39","[]"
"POST","/tenants/:tenantId/domain-verification","artifacts/api-server/src/routes/tenants.ts","43","[]"
"GET","/tenants/:tenantId/products/:moduleKey/configuration","artifacts/api-server/src/routes/tenants.ts","47","[]"
"PUT","/tenants/:tenantId/products/:moduleKey/configuration","artifacts/api-server/src/routes/tenants.ts","51","[]"
"GET","/tenants","artifacts/api-server/src/routes/tenants.ts","55","[]"
"POST","/tenants","artifacts/api-server/src/routes/tenants.ts","58","[]"
"GET","/tenants/:tenantId","artifacts/api-server/src/routes/tenants.ts","62","[]"
"PUT","/tenants/:tenantId/brand","artifacts/api-server/src/routes/tenants.ts","66","[]"
"PUT","/tenants/:tenantId/domain","artifacts/api-server/src/routes/tenants.ts","70","[]"
"PUT","/tenants/:tenantId/modules","artifacts/api-server/src/routes/tenants.ts","74","[]"
"PUT","/tenants/:tenantId/assets-networks","artifacts/api-server/src/routes/tenants.ts","78","[]"
"PUT","/tenants/:tenantId/configuration","artifacts/api-server/src/routes/tenants.ts","82","[]"
"POST","/tenants/:tenantId/launch","artifacts/api-server/src/routes/tenants.ts","86","[]"
"GET","/public/domains/:hostname","artifacts/api-server/src/routes/website.ts","8","[]"
"GET","/public/sites/:slug","artifacts/api-server/src/routes/website.ts","16","[]"
"GET","/public/sites/:slug/capabilities/:feature","artifacts/api-server/src/routes/website.ts","20","[]"
